"id_direccion";"alias";"id_renabap";"manzana_renabap";"terreno_renabap";"latitud";"longitud";"calle_declarada";"altura_declarada";"esquina_declarada";"direccion_en_cvf";"es_ubicable";"direccion_normalizada";"calle";"altura";"piso";"depto";"manzana";"sector";"torre";"cp";"parcela";"lote";"entre_calle_1";"entre_calle_2";"calle_esquina";"casa";"terreno";"pasillo";"pasaje";"referencia_auxiliar";"observaciones";"tira";"chacra";"macizo";"seccion";"ruta";"km";"id_revision_dir"
1344082;"FF2_2403520";1786;"17";"12";-60.7041853;-32.9099552;"NAMUCURA";"";"";"Dirección declarada sin informar";"";"";"";"";"";"";"";"";"";"";"";"";"";"";"";"";"";"";"";"";"";"";"";"";"";"";"";""
1326572;"FF2_2385944";1786;"42";"64";-60.7032795;-32.9137699;"MARIANO CABAL";"";"";"Dirección declarada sin informar";"";"";"";"";"";"";"";"";"";"";"";"";"";"";"";"";"";"";"";"";"";"";"";"";"";"";"";""
1344421;"FF2_2403863";1786;"19";"41";-60.70414938;-32.90946795;"OLAVARRIA";"";"";"Dirección declarada sin informar";"";"";"";"";"";"";"";"";"";"";"";"";"";"";"";"";"";"";"";"";"";"";"";"";"";"";"";""
1347413;"FF2_2406861";1786;"15";"47";-60.7032184;-32.9123031;"MARIANO CABAL";"1327BIS";"";"Dirección declarada sin informar";"";"";"";"";"";"";"";"";"";"";"";"";"";"";"";"";"";"";"";"";"";"";"";"";"";"";"";""
1346491;"FF2_2405938";1786;"13";"35";-60.7053729;-32.9089897;"OLAVARRIA";"1600 BIS";"";"Dirección declarada sin informar";"";"";"";"";"";"";"";"";"";"";"";"";"";"";"";"";"";"";"";"";"";"";"";"";"";"";"";""
1343365;"FF2_2402800";1786;"41";"42";-60.7042931;-32.9135703;"OLAVARRÍA 1200";"";"";"Dirección declarada sin informar";"";"";"";"";"";"";"";"";"";"";"";"";"";"";"";"";"";"";"";"";"";"";"";"";"";"";"";""
1364188;"FF2_2423706";1786;"3";"18";-60.705855;-32.9131532;"SHEWSHER";"";"";"Dirección declarada sin informar";"";"";"";"";"";"";"";"";"";"";"";"";"";"";"";"";"";"";"";"";"";"";"";"";"";"";"";""
689192;"FF2_598273";1786;"12";"72";-32.91087833;-60.70519833;"Maria De Los Angeles Y Olavarria";"";"";"";"";"";"";"";"";"";"";"";"";"";"";"";"";"";"";"";"";"";"";"";"";"";"";"";"";"";"";""
1471291;"FF2_2537769";1786;"7";"20";-60.7099683;-32.9102033;"CULLEN";"1650";"";"";"";"";"";"";"";"";"";"";"";"";"";"";"";"";"";"";"";"";"";"";"";"";"";"";"";"";"";""
691098;"FF2_600180";1786;"11";"39";-32.91105;-60.70491833;"Olavarria 1530 Bis";"";"";"";"";"";"";"";"";"";"";"";"";"";"";"";"";"";"";"";"";"";"";"";"";"";"";"";"";"";"";""
1315999;"FF2_2375329";1786;"32";"5";-60.7007401;-32.9124332;"OTHONEL";"1300 BIS";"";"Dirección declarada sin informar";"";"";"";"";"";"";"";"";"";"";"";"";"";"";"";"";"";"";"";"";"";"";"";"";"";"";"";""
1351233;"FF2_2410705";1786;"33";"98";-60.7015126;-32.9144247;"OLAVARRIA 1316 BIS";"";"";"Dirección declarada sin informar";"";"";"";"";"";"";"";"";"";"";"";"";"";"";"";"";"";"";"";"";"";"";"";"";"";"";"";""
1351252;"FF2_2410724";1786;"8";"1";-60.7064511;-32.9097434;"GARZON 1600 BIS";"";"";"Dirección declarada sin informar";"";"";"";"";"";"";"";"";"";"";"";"";"";"";"";"";"";"";"";"";"";"";"";"";"";"";"";""
1429714;"FF2_2492838";1786;"40";"58";-60.7030963;-32.9131919;"CABAL";"1299 BIS";"";"Dirección declarada sin informar";"";"";"";"";"";"";"";"";"";"";"";"";"";"";"";"";"";"PASILLO";"";"";"";"";"";"";"";"";"";""
1353085;"FF2_2412567";1786;"22";"23";-60.70592421;-32.91176997;"SAN TANO";"";"";"Dirección declarada sin informar";"";"";"";"";"";"";"";"";"";"";"";"";"";"";"";"";"";"";"";"";"";"";"";"";"";"";"";""
1346509;"FF2_2405956";1786;"9";"3";-60.7068967;-32.9091578;"GARZON";"1600 BIS";"";"Dirección declarada sin informar";"";"";"";"";"";"";"";"";"";"";"";"";"";"";"";"";"";"";"";"";"";"";"";"";"";"";"";""
1347405;"FF2_2406853";1786;"33";"90";-60.7036938;-32.9130339;"CABAL";"1300 BIS PASILLO";"";"Dirección declarada sin informar";"";"";"";"";"";"";"";"";"";"";"";"";"";"";"";"";"";"";"";"";"";"";"";"";"";"";"";""
1315947;"FF2_2375277";1786;"34";"65";-60.7014858;-32.9120255;"OTTONE";"1400 BIS";"";"Dirección declarada sin informar";"";"";"";"";"";"";"";"";"";"";"";"";"";"";"";"";"";"PASILLO DTO 3";"";"";"";"";"";"";"";"";"";""
1429717;"FF2_2492843";1786;"32";"1";-60.7009201;-32.9124023;"OTTONE";"1301 BIS";"";"Dirección declarada sin informar";"";"";"";"";"";"";"";"";"";"";"";"";"";"";"";"";"";"PASILLO";"";"";"";"";"";"";"";"";"";""
1390980;"FF2_2450625";1786;"31";"4";-60.70598;-32.91259833;"GARZON 1330 BIS";"";"";"Dirección declarada sin informar";"";"";"";"";"";"";"";"";"";"";"";"";"";"";"";"";"";"";"";"";"";"";"";"";"";"";"";""
688953;"FF2_598034";1786;"12";"40";-32.91043688;-60.70529692;"";"";"";"Dirección declarada sin informar";"";"";"";"";"";"";"";"";"";"";"";"";"";"";"";"";"";"";"";"";"";"";"";"";"";"";"";""
1314306;"FF2_2373626";1786;"34";"11";-60.7017963;-32.9116402;"PJE SAN JOSE";"";"OTTONE";"Dirección declarada sin informar";"";"";"";"";"";"";"";"";"";"";"";"";"";"";"OTTONE";"";"";"";"";"";"";"";"";"";"";"";"";""
1390979;"FF2_2450624";1786;"39";"19";-60.7060306;-32.9122731;"GARZON 1330 BIS";"";"";"Dirección declarada sin informar";"";"";"";"";"";"";"";"";"";"";"";"";"";"";"";"";"";"";"";"";"";"";"";"";"";"";"";""
1343378;"FF2_2402813";1786;"13";"8";-60.7034504;-32.910946;"CABAL";"";"";"Dirección declarada sin informar";"";"";"";"";"";"";"";"";"";"";"";"";"";"";"";"";"";"";"";"";"";"";"";"";"";"";"";""
1344078;"FF2_2403516";1786;"20";"38";-60.6994696;-32.9077637;"CABAL";"";"";"Dirección declarada sin informar";"";"";"";"";"";"";"";"";"";"";"";"";"";"";"";"";"";"";"";"";"";"";"";"";"";"";"";""
1391009;"FF2_2450654";1786;"32";"5";-60.7058818;-32.9132226;"GARZON 1298 BIS";"";"";"Dirección declarada sin informar";"";"";"";"";"";"";"";"";"";"";"";"";"";"";"";"";"";"";"";"";"";"";"";"";"";"";"";""
1315939;"FF2_2375269";1786;"46";"1";-60.7026316;-32.9107501;"CABAL";"2588";"";"Dirección declarada sin informar";"";"";"";"";"";"";"";"";"";"";"";"";"";"";"";"";"";"PASILLO";"";"";"";"";"";"";"";"";"";""
681813;"FF2_590892";1786;"47";"51";-32.91089024;-60.70243452;"Cabal Y Empalme";"";"";"";"";"";"";"";"";"";"";"";"";"";"";"";"";"";"";"";"";"";"";"";"";"";"";"";"";"";"";""
1315992;"FF2_2375322";1786;"26";"16";-60.70239182;-32.91112573;"CABAL Y SAN JOSE";"";"";"Dirección declarada sin informar";"";"";"";"";"";"";"";"";"";"";"";"";"";"";"";"";"";"";"";"";"";"";"";"";"";"";"";""
1472988;"FF2_2539533";1786;"15";"19";-60.70323961;-32.91194724;"CABAL 1400";"";"";"Dirección declarada sin informar";"";"";"";"";"";"";"";"";"";"";"";"";"";"";"";"";"";"";"";"";"";"";"";"";"";"";"";""
1472655;"FF2_2539191";1786;"10";"11";-60.7046986;-32.9123309;"OLAVARRIA 1600";"";"";"";"";"";"";"";"";"";"";"";"";"";"";"";"";"";"";"";"";"";"";"";"";"";"";"";"";"";"";""
1321191;"FF2_2380538";1786;"25";"1";-60.7029302;-32.9119605;"MARIANO CABAL";"1312 BIS";"";"Dirección declarada sin informar";"";"";"";"";"1";"";"";"";"";"";"";"";"";"";"";"";"";"";"";"";"";"";"";"";"";"";"";""
1347403;"FF2_2406851";1786;"17";"30";-60.70377658;-32.91022042;"";"1600BIS";"";"Dirección declarada sin informar";"";"";"";"";"";"";"";"";"";"";"";"";"";"";"";"";"";"";"CEFERINO NAMUNCURÁ";"";"";"";"";"";"";"";"";""
1353397;"FF2_2412879";1786;"7";"39";-60.706292;-32.9102378;"GARZÓN";"";"";"Dirección declarada sin informar";"";"";"";"";"";"";"";"";"";"";"";"";"";"";"";"";"";"";"";"";"";"";"";"";"";"";"";""
1329099;"FF2_2388480";1786;"15";"21";-60.7034286;-32.9118421;"SAN JOSE";"";"CABAL";"Dirección declarada sin informar";"";"";"";"";"";"";"";"";"";"";"";"";"";"";"CABAL";"";"";"";"";"";"";"";"";"";"";"";"";""
1353846;"FF2_2413328";1786;"6";"2";-60.7065612;-32.9115537;"GARZON";"";"";"Dirección declarada sin informar";"";"";"";"";"";"";"";"";"";"";"";"";"";"";"";"";"";"";"";"";"";"";"";"";"";"";"";""
1352106;"FF2_2411584";1786;"37";"8";-60.7054724;-32.9114831;"SAN CAYETANO";"";"";"Dirección declarada sin informar";"";"";"";"";"";"";"";"";"";"";"";"";"";"";"";"";"";"";"";"";"";"";"";"";"";"";"";""
1357177;"FF2_2416669";1786;"4";"24";-60.7055038;-32.9128825;"OLAVARRÍA";"1300";"";"Dirección declarada sin informar";"";"";"";"";"";"";"";"";"";"";"";"";"";"";"";"";"";"";"";"";"";"";"";"";"";"";"";""
681963;"FF2_591043";1786;"27";"32";-32.9118205;-60.702567;"";"";"";"PASILLO y CABAL BIS";"";"";"";"";"";"";"";"";"";"";"";"";"";"";"";"";"";"";"";"";"";"";"";"";"";"";"";""
1316079;"FF2_2375410";1786;"46";"8";-60.70244333;-32.91086;"CABAL";"";"";"";"";"";"";"";"";"";"";"";"";"";"";"";"";"";"";"";"";"";"";"";"";"";"";"";"";"";"";""
1326288;"FF2_2385659";1786;"25";"37";-60.7024344;-32.9126654;"CABAL";"";"";"Dirección declarada sin informar";"";"";"";"";"";"";"";"";"";"";"";"";"";"";"";"";"";"";"";"";"";"";"";"";"";"";"";""
1429719;"FF2_2492845";1786;"3";"24";-60.70496484;-32.91334538;"ATACALCO";"6016";"";"Dirección declarada sin informar";"";"";"";"";"";"";"";"";"";"";"";"";"";"";"";"";"";"";"";"";"";"";"";"";"";"";"";""
691361;"FF2_600443";1786;"39";"22";-32.91220386;-60.70504809;"Olavarria 1415 Bis";"";"";"";"";"";"";"";"";"";"";"";"";"";"";"";"";"";"";"";"";"";"";"";"";"";"";"";"";"";"";""
690736;"FF2_599818";1786;"40";"1";-32.91261479;-60.70371047;"Pasaje Uno 2697";"";"";"SCHWEITZER entre SIN NOMBRE y CABAL BIS";"";"";"";"";"";"";"";"";"";"";"";"";"";"";"";"";"";"";"";"";"";"";"";"";"";"";"";""
1316031;"FF2_2375362";1786;"33";"19";-60.7009886;-32.9125714;"OTTONE";"";"";"Dirección declarada sin informar";"";"";"";"";"";"";"";"";"";"";"";"";"";"";"";"";"";"";"";"";"";"";"";"";"";"";"";""
1341413;"FF2_2400840";1786;"44";"18";-60.7044884;-32.9136425;"OLAVARRIA";"";"";"";"";"";"";"";"";"";"";"";"";"";"";"";"";"";"";"";"";"";"";"";"";"";"";"";"";"";"";""
7861;"FF2_008659";1786;"1";"63";-32.91464906;-60.70539692;"Juan B Justo 6036";"";"";"";"";"";"";"";"";"";"";"";"";"";"";"";"";"";"";"";"";"";"";"";"";"";"";"";"";"";"";""
1325405;"FF2_2384775";1786;"40";"1";-60.7036443;-32.9128482;"MAXIMILIANO COLBERT 2674";"";"";"Dirección declarada sin informar";"";"";"";"";"";"";"";"";"";"";"";"";"";"";"";"";"";"";"";"";"";"";"";"";"";"";"";""
1353857;"FF2_2413339";1786;"7";"3";-60.7064909;-32.9106257;"GARZON";"";"";"";"";"";"";"";"";"";"";"";"";"";"";"";"";"";"";"";"";"";"";"";"";"";"";"";"";"";"";""
684776;"FF2_593856";1786;"15";"75";-32.91217426;-60.70369564;"San Jose Sin Numero EMPALME GRANERO";"";"";"Dirección declarada sin informar";"";"";"";"";"";"";"";"";"";"";"";"";"";"";"";"";"";"";"";"";"";"";"";"";"";"";"";""
1315457;"FF2_2374785";1786;"34";"69";-60.7011371;-32.9120614;"OTTONE BIS";"1301";"";"Dirección declarada sin informar";"";"";"";"";"";"";"";"";"";"";"";"";"";"";"";"";"";"";"";"";"";"";"";"";"";"";"";""
1353106;"FF2_2412588";1786;"6";"25";-60.7061473;-32.9105519;"GARZON";"";"";"Dirección declarada sin informar";"";"";"";"";"";"";"";"";"";"";"";"";"";"";"";"";"";"";"";"";"";"";"";"";"";"";"";""
1344151;"FF2_2403589";1786;"20";"38";-60.702915;-32.91051833;"M CABAL";"1416";"";"Dirección declarada sin informar";"";"";"";"";"";"";"";"";"";"";"";"";"";"";"";"";"";"";"";"";"";"";"";"";"";"";"";""
681795;"FF2_590874";1786;"19";"41";-32.90938792;-60.70418426;"";"";"";"CALLE 1482 BIS entre CABAL BIS y OLAVARRÍA BIS";"";"";"";"";"";"";"";"";"";"";"";"";"";"";"";"";"";"";"";"";"";"";"";"";"";"";"";""
699349;"FF2_608446";1786;"42";"62";-32.91387697;-60.70314899;"Cabal 1251 Bis Int 1";"";"";"CABAL BIS entre PJE QUITO y PJE LABARDEN";"";"";"";"";"";"";"";"";"";"";"";"";"";"";"";"";"";"";"";"";"";"";"";"";"";"";"";""
678963;"FF2_588041";1786;"32";"1";-32.91231667;-60.70095333;"Virginio Y Otone Al 1300";"";"";"";"";"";"";"";"";"";"";"";"";"";"";"";"";"";"";"";"";"";"";"";"";"";"";"";"";"";"";""
1353856;"FF2_2413338";1786;"36";"5";-60.7065134;-32.9117407;"GARZON";"";"";"Dirección declarada sin informar";"";"";"";"";"";"";"";"";"";"";"";"";"";"";"";"";"";"";"";"";"";"";"";"";"";"";"";""
1347331;"FF2_2406779";1786;"12";"11";-60.70546844;-32.91039186;"SAN CAYETANO";"";"";"Dirección declarada sin informar";"";"";"";"";"";"";"";"";"";"";"";"";"";"";"";"";"";"";"";"";"";"";"";"";"";"";"";""
1346586;"FF2_2406033";1786;"13";"102";-60.7054865;-32.9100134;"NAMUNCURA";"1600 BIS";"";"Dirección declarada sin informar";"";"";"";"";"";"";"";"";"";"";"";"";"";"";"";"";"";"";"";"";"";"";"";"";"";"";"";""
1326289;"FF2_2385660";1786;"43";"1";-60.7035526;-32.9138292;"CABAL 1500 BIS";"";"";"Dirección declarada sin informar";"";"";"";"";"";"";"";"";"";"";"";"";"";"";"";"";"";"";"";"";"";"";"";"";"";"";"";""
1429700;"FF2_2492819";1786;"37";"37";-60.7057056;-32.9114439;"";"";"";"Dirección declarada sin informar";"";"";"";"";"";"";"";"";"";"";"";"";"";"";"";"";"";"1541 BIS";"SAN CAYETANO";"";"";"";"";"";"";"";"";""
1346596;"FF2_2406043";1786;"6";"28";-60.70534581;-32.91058324;"SAN TANO";"";"";"Dirección declarada sin informar";"";"";"";"";"";"";"";"";"";"";"";"";"";"";"";"";"";"";"";"";"";"";"";"";"";"";"";""
1352988;"FF2_2412470";1786;"21";"6";-60.7060085;-32.9116808;"SAN CAYETANO";"";"";"Dirección declarada sin informar";"";"";"";"";"";"";"";"";"";"";"";"";"";"";"";"";"";"";"";"";"";"";"";"";"";"";"";""
1018690;"FF2_2016043";1786;"25";"2";-32.91201877;-60.70281807;"";"";"";"";"";"";"";"";"";"";"";"";"";"";"";"";"";"";"";"";"";"";"";"";"";"";"";"";"";"";"";""
1352108;"FF2_2411586";1786;"36";"50";-60.7059854;-32.9125055;"GARZON";"";"";"Dirección declarada sin informar";"";"";"";"";"";"";"";"";"";"";"";"";"";"";"";"";"";"";"";"";"";"";"";"";"";"";"";""
689178;"FF2_598259";1786;"8";"76";-32.90944167;-60.70635667;"Garzon 1540 Bis";"";"";"";"";"";"";"";"";"";"";"";"";"";"";"";"";"";"";"";"";"";"";"";"";"";"";"";"";"";"";""
7842;"FF2_008640";1786;"1";"22";-32.9142087;-60.70533253;"Guaycuru 2735";"";"";"";"";"";"";"";"";"";"";"";"";"";"";"";"";"";"";"";"";"";"";"";"";"";"";"";"";"";"";""
1326297;"FF2_2385668";1786;"25";"11";-60.7029441;-32.9128122;"CABAL";"";"";"Dirección declarada sin informar";"";"";"";"";"";"";"";"";"";"";"";"";"";"";"";"";"";"";"";"";"";"";"";"";"";"";"";""
1356458;"FF2_2415950";1786;"6";"41";-60.70573222;-32.91116528;"SAN TANO";"";"";"";"";"";"";"";"";"";"";"";"";"";"";"";"";"";"";"";"";"";"";"";"";"";"";"";"";"";"";""
1315440;"FF2_2374768";1786;"27";"18";-60.7021951;-32.9111912;"SAN FRANCISCO";"";"SAN JOSE";"Dirección declarada sin informar";"";"";"";"";"";"";"";"";"";"";"";"";"";"";"";"";"";"";"";"";"";"";"";"";"";"";"";""
1360727;"FF2_2420235";1786;"4";"48";-60.7055824;-32.9131846;"SUEWSER";"";"";"Dirección declarada sin informar";"";"";"";"";"";"";"";"";"";"";"";"";"";"";"";"";"";"";"";"";"";"";"";"";"";"";"";""
1391032;"FF2_2450677";1786;"15";"84";-60.7043635;-32.9126603;"";"2694";"";"Dirección declarada sin informar";"";"";"";"";"";"";"";"";"";"";"";"";"";"";"";"";"";"";"";"";"";"";"";"";"";"";"";""
681750;"FF2_590829";1786;"20";"6";-32.91087135;-60.70310455;"Maria De Los Angeles 1600 bis";"";"";"Dirección declarada sin informar";"";"";"";"";"";"";"";"";"";"";"";"";"";"";"";"";"";"";"";"";"";"";"";"";"";"";"";""
1325499;"FF2_2384869";1786;"25";"12";-60.70278;-32.91282333;"CABAL";"1200 BIS";"";"Dirección declarada sin informar";"";"";"";"";"";"";"";"";"";"";"";"";"";"";"";"";"";"";"";"";"";"";"";"";"";"";"";""
1344026;"FF2_2403464";1786;"47";"57";-60.7035038;-32.9100729;"CABAL 1500 BIS";"";"";"Dirección declarada sin informar";"";"";"";"";"";"";"";"";"";"";"";"";"";"";"";"";"";"";"";"";"";"";"";"";"";"";"";""
1351259;"FF2_2410731";1786;"7";"41";-60.7054389;-32.910374;"SAN CAYETANO 1600";"";"";"Dirección declarada sin informar";"";"";"";"";"";"";"";"";"";"";"";"";"";"";"";"";"";"";"";"";"";"";"";"";"";"";"";""
1326746;"FF2_2386118";1786;"40";"22";-60.7034911;-32.9128111;"CABAL";"";"";"Dirección declarada sin informar";"";"";"";"";"";"";"";"";"";"";"";"";"";"";"";"";"";"";"";"";"";"";"";"";"";"";"";""
1344049;"FF2_2403487";1786;"19";"21";-60.70494507;-32.90928233;"OLAVARRIA";"";"";"Dirección declarada sin informar";"";"";"";"";"";"";"";"";"";"";"";"";"";"";"";"";"";"";"";"";"";"";"";"";"";"";"";""
1326342;"FF2_2385714";1786;"15";"110";-60.7046099;-32.912666;"COLVER";"";"";"Dirección declarada sin informar";"";"";"";"";"";"";"";"";"";"";"";"";"";"";"";"";"";"";"";"";"";"";"";"";"";"";"";""
690750;"FF2_599832";1786;"5";"172";-32.91183268;-60.70550195;"";"";"";"Dirección declarada sin informar";"";"";"";"";"";"";"";"";"";"";"";"";"";"";"";"";"";"";"";"";"";"";"";"";"";"";"";""
1326437;"FF2_2385809";1786;"7";"26";-60.70252405;-32.91075956;"CABAL";"";"";"Dirección declarada sin informar";"";"";"";"";"";"";"";"";"";"";"";"";"";"";"";"";"";"";"";"";"";"";"";"";"";"";"";""
1321174;"FF2_2380521";1786;"35";"3";-60.70087833;-32.91299667;"OTTONE";"1300";"";"Dirección declarada sin informar";"";"";"";"";"";"";"";"";"";"";"";"";"";"";"";"";"";"";"";"";"";"";"";"";"";"";"";""
1347420;"FF2_2406868";1786;"20";"3";-60.70470018;-32.91038791;"OLAVARRIA";"1600BIS";"";"Dirección declarada sin informar";"";"";"";"";"";"";"";"";"";"";"";"";"";"";"";"";"";"";"";"";"";"";"";"";"";"";"";""
1351254;"FF2_2410726";1786;"8";"63";-60.7064379;-32.9097539;"GARZON 1536 BIS";"";"";"Dirección declarada sin informar";"";"";"";"";"";"";"";"";"";"";"";"";"";"";"";"";"";"";"";"";"";"";"";"";"";"";"";""
1352008;"FF2_2411485";1786;"35";"11";-60.7057379;-32.9115212;"SAN CAYETANO";"1400";"";"Dirección declarada sin informar";"";"";"";"";"";"";"";"";"";"";"";"";"";"";"";"";"";"";"";"";"";"";"";"";"";"";"";""
699015;"FF2_608112";1786;"11";"7";-32.91115277;-60.7056468;"";"";"";"";"";"";"";"";"";"";"";"";"";"";"";"";"";"";"";"";"";"";"";"";"";"";"";"";"";"";"";""
1416755;"FF2_2476820";1786;"7";"33";-60.70211667;-32.91120667;"SAN JOSE";"";"";"Dirección declarada sin informar";"";"";"";"";"";"";"";"";"";"";"";"";"";"";"";"";"";"";"";"";"";"";"";"";"";"";"";""
1360718;"FF2_2420226";1786;"39";"36";-60.7050371;-32.9125681;"OLAVARRIA";"";"";"Dirección declarada sin informar";"";"";"";"";"";"";"";"";"";"";"";"";"";"";"";"";"";"";"";"";"";"";"";"";"";"";"";""
7848;"FF2_008646";1786;"1";"44";-32.91403031;-60.70475754;"Olavarria 1219 Bis";"";"";"";"";"";"";"";"";"";"";"";"";"";"";"";"";"";"";"";"";"";"";"";"";"";"";"";"";"";"";""
1344016;"FF2_2403454";1786;"18";"37";-60.7040302;-32.9099788;"NAMUCURA";"";"";"Dirección declarada sin informar";"";"";"";"";"";"";"";"";"";"";"";"";"";"";"";"";"";"";"";"";"";"";"";"";"";"";"";""
1341531;"FF2_2400959";1786;"14";"60";-60.70388167;-32.91333667;"OLAVARRIA";"1350";"";"Dirección declarada sin informar";"";"";"";"";"";"";"";"";"";"";"";"";"";"";"";"";"";"7";"";"";"";"";"";"";"";"";"";""
1344839;"FF2_2404282";1786;"13";"30";-60.7053686;-32.9089896;"SANTA INES";"";"";"Dirección declarada sin informar";"";"";"";"";"";"";"";"";"";"";"";"";"";"";"";"";"";"";"";"";"";"";"";"";"";"";"";""
690978;"FF2_600060";1786;"15";"9";-32.91217306;-60.70458943;"Olavarria 1380 Bis";"";"";"Dirección declarada sin informar";"";"";"";"";"";"";"";"";"";"";"";"";"";"";"";"";"";"";"";"";"";"";"";"";"";"";"";""
1325573;"FF2_2384943";1786;"40";"54";-60.70306339;-32.91301719;"CABAL";"";"";"Dirección declarada sin informar";"";"";"";"";"";"";"";"";"";"";"";"";"";"";"";"";"";"";"";"";"";"";"";"";"";"";"";""
1345463;"FF2_2404908";1786;"9";"4";-60.7057613;-32.9086755;"GARZON";"";"";"Dirección declarada sin informar";"";"";"";"";"";"";"";"";"";"";"";"";"";"";"";"";"";"";"";"";"";"";"";"";"";"";"";""
689009;"FF2_598090";1786;"17";"5";-32.91040421;-60.70464206;"Olavarria 1600 Bis";"";"";"";"";"";"";"";"";"";"";"";"";"";"";"";"";"";"";"";"";"";"";"";"";"";"";"";"";"";"";""
1343336;"FF2_2402771";1786;"18";"12";-60.70470667;-32.90918333;"OLAVARRIA";"";"";"Dirección declarada sin informar";"";"";"";"";"";"";"";"";"";"";"";"";"";"";"";"";"";"";"";"";"";"";"";"";"";"";"";""
1344415;"FF2_2403857";1786;"20";"13";-60.70324271;-32.91027906;"CABAL";"";"";"Dirección declarada sin informar";"";"";"";"";"";"";"";"";"";"";"";"";"";"";"";"";"";"";"";"";"";"";"";"";"";"";"";""
1347409;"FF2_2406857";1786;"15";"62";-60.7033239;-32.9126405;"MAXIMILIANO COLBER";"2612";"";"Dirección declarada sin informar";"";"";"";"";"";"";"";"";"";"";"";"";"";"";"";"";"";"";"";"";"";"";"";"";"";"";"";""
684979;"FF2_594059";1786;"18";"36";-32.91004927;-60.70398482;"";"";"";"MARTÍNEZ ESTRADA entre CALLE 1482 BIS y OLAVARRÍA BIS";"";"";"";"";"";"";"";"";"";"";"";"";"";"";"";"";"";"";"";"";"";"";"";"";"";"";"";""
1433516;"FF2_2497209";1786;"46";"16";-60.7032412;-32.9137475;"MARIANO CABAL";"";"";"Dirección declarada sin informar";"";"";"";"";"";"";"";"";"";"";"";"";"";"";"";"";"";"";"";"";"";"";"";"";"";"";"";""
1353666;"FF2_2413148";1786;"6";"3";-60.7063719;-32.9113341;"GARZON";"";"";"Dirección declarada sin informar";"";"";"";"";"";"";"";"";"";"";"";"";"";"";"";"";"";"";"";"";"";"";"";"";"";"";"";""
1346628;"FF2_2406075";1786;"41";"31";-60.7042082;-32.9137362;"";"1268";"";"Dirección declarada sin informar";"";"";"";"";"";"";"";"";"";"";"";"";"";"";"";"";"";"OLEVARRIA";"";"";"";"";"";"";"";"";"";""
1346675;"FF2_2406122";1786;"7";"13";-60.7060117;-32.9099732;"";"";"";"Dirección declarada sin informar";"";"";"";"";"";"";"";"";"";"";"";"";"";"";"";"";"";"";"";"";"";"";"";"";"";"";"";""
691331;"FF2_600413";1786;"45";"7";-32.91186249;-60.7049534;"Psj San Cayetano Sin Numero";"";"";"";"";"";"";"";"";"";"";"";"";"";"";"";"";"";"";"";"";"";"";"";"";"";"";"";"";"";"";""
1316033;"FF2_2375364";1786;"33";"12";-60.7008873;-32.9125277;"OTTONE";"";"";"Dirección declarada sin informar";"";"";"";"";"";"";"";"";"";"";"";"";"";"";"";"";"";"";"";"";"";"";"";"";"";"";"";""
1347333;"FF2_2406781";1786;"9";"14";-60.7063101;-32.9090918;"GARZON";"";"";"Dirección declarada sin informar";"";"";"";"";"";"";"";"";"";"";"";"";"";"";"";"";"";"";"";"";"";"";"";"";"";"";"";""
1344414;"FF2_2403856";1786;"41";"30";-60.7042951;-32.9135686;"OLAVARRIA";"";"";"Dirección declarada sin informar";"";"";"";"";"";"";"";"";"";"";"";"";"";"";"";"";"";"";"";"";"";"";"";"";"";"";"";""
1346677;"FF2_2406124";1786;"12";"52";-60.7054186;-32.9103757;"SAN TANO";"";"";"Dirección declarada sin informar";"";"";"";"";"";"";"";"";"";"";"";"";"";"";"";"";"";"";"";"";"";"";"";"";"";"";"";""
1320870;"FF2_2380217";1786;"24";"1";-60.70212656;-32.91289021;"PASAJE SANTA CLARA";"2544";"";"Dirección declarada sin informar";"";"";"";"";"";"";"";"";"";"";"";"";"";"";"";"";"";"";"";"";"";"";"";"";"";"";"";""
1326424;"FF2_2385796";1786;"26";"20";-60.70212909;-32.9112465;"SAN JOSE";"";"";"Dirección declarada sin informar";"";"";"";"";"";"";"";"";"";"";"";"";"";"";"";"";"";"";"";"";"";"";"";"";"";"";"";""
1351228;"FF2_2410700";1786;"14";"61";-60.70412667;-32.91324;"OLAVARRIA 1316 BIS";"";"";"Dirección declarada sin informar";"";"";"";"";"";"";"";"";"";"";"";"";"";"";"";"";"";"";"";"";"";"";"";"";"";"";"";""
1391033;"FF2_2450678";1786;"40";"63";-60.7037205;-32.9126536;"PASAJE 1";"";"";"Dirección declarada sin informar";"";"";"";"";"";"";"";"";"";"";"";"";"";"";"";"";"";"";"";"";"";"";"";"";"";"";"";""
1344010;"FF2_2403448";1786;"17";"103";-60.7040224;-32.9109267;"";"";"";"Dirección declarada sin informar";"";"";"";"";"";"";"";"";"";"";"";"";"";"";"";"";"";"";"SANTA MARÍA DE LOS ANGELES";"";"";"";"";"";"";"";"";""
1314197;"FF2_2373517";1786;"26";"34";-60.702246;-32.9118334;"CABAL";"";"";"Dirección declarada sin informar";"";"";"";"";"";"";"";"";"";"";"";"";"";"";"";"";"";"";"SAN JOSÉ";"";"";"";"";"";"";"";"";""
1347111;"FF2_2406559";1786;"9";"25";-60.70649333;-32.90931833;"GARZON";"";"";"Dirección declarada sin informar";"";"";"";"";"";"";"";"";"";"";"";"";"";"";"";"";"";"";"";"";"";"";"";"";"";"";"";""
1344024;"FF2_2403462";1786;"17";"11";-60.704485;-32.9098653;"JUAN MANUEL ESTRADA";"";"";"Dirección declarada sin informar";"";"";"";"";"";"";"";"";"";"";"";"";"";"";"";"";"";"";"";"";"";"";"";"";"";"";"";""
1326749;"FF2_2386121";1786;"15";"114";-60.70445758;-32.91263182;"MIXIMILIANO COLVER";"";"";"Dirección declarada sin informar";"";"";"";"";"";"";"";"";"";"";"";"";"";"";"";"";"";"";"";"";"";"";"";"";"";"";"";""
1343326;"FF2_2402761";1786;"17";"52";-60.70359167;-32.91009833;"CEFERINO ÑAMUCURA";"";"";"Dirección declarada sin informar";"";"";"";"";"";"";"";"";"";"";"";"";"";"";"";"";"";"";"";"";"";"";"";"";"";"";"";""
1341550;"FF2_2400978";1786;"33";"94";-60.70414333;-32.91310667;"M DE LOS ANGELES";"";"OLAVARRIA";"Dirección declarada sin informar";"";"";"";"";"";"";"";"";"";"";"";"";"";"";"OLAVARRIA";"";"";"";"";"";"";"";"";"";"";"";"";""
1353087;"FF2_2412569";1786;"36";"45";-60.70625259;-32.91257091;"GARZON";"";"";"Dirección declarada sin informar";"";"";"";"";"";"";"";"";"";"";"";"";"";"";"";"";"";"";"";"";"";"";"";"";"";"";"";""
1343387;"FF2_2402822";1786;"19";"30";-60.7045225;-32.9092919;"OLAVARRÍA";"";"";"Dirección declarada sin informar";"";"";"";"";"";"";"";"";"";"";"";"";"";"";"";"";"";"";"";"";"";"";"";"";"";"";"";""
1325579;"FF2_2384949";1786;"15";"108";-60.70435421;-32.91256249;"MAXIMILIANO CORBELT";"";"";"Dirección declarada sin informar";"";"";"";"";"";"";"";"";"";"";"";"";"";"";"";"";"";"";"";"";"";"";"";"";"";"";"";""
1344080;"FF2_2403518";1786;"6";"12";-60.7040339;-32.9099867;"NAMUCURA";"";"";"Dirección declarada sin informar";"";"";"";"";"";"";"";"";"";"";"";"";"";"";"";"";"";"";"";"";"";"";"";"";"";"";"";""
1347325;"FF2_2406773";1786;"8";"37";-60.7060634;-32.9094644;"GARZON";"";"";"Dirección declarada sin informar";"";"";"";"";"";"";"";"";"";"";"";"";"";"";"";"";"";"";"";"";"";"";"";"";"";"";"";""
1316052;"FF2_2375383";1786;"34";"32";-60.70171822;-32.91206993;"OTTONE";"";"";"Dirección declarada sin informar";"";"";"";"";"";"";"";"";"";"";"";"";"";"";"";"";"";"";"";"";"";"";"";"";"";"";"";""
1360723;"FF2_2420231";1786;"4";"16";-60.705787;-32.9127602;"GARZÓN";"";"";"Dirección declarada sin informar";"";"";"";"";"";"";"";"";"";"";"";"";"";"";"";"";"";"";"";"";"";"";"";"";"";"";"";""
7856;"FF2_008654";1786;"1";"62";-32.91460054;-60.70508111;"Juan B Justo 2720";"";"";"";"";"";"";"";"";"";"";"";"";"";"";"";"";"";"";"";"";"";"";"";"";"";"";"";"";"";"";""
1340612;"FF2_2400035";1786;"24";"13";-60.7049155;-32.9133402;"OLAVARRIA";"1244";"";"Dirección declarada sin informar";"";"";"";"";"";"";"";"";"";"";"";"";"";"";"";"";"";"";"";"";"";"";"";"";"";"";"";""
1352103;"FF2_2411581";1786;"9";"13";-60.7052568;-32.9108821;"OLAVARRIA 1500 BIS";"";"";"Dirección declarada sin informar";"";"";"";"";"";"";"";"";"";"";"";"";"";"";"";"";"";"";"";"";"";"";"";"";"";"";"";""
690738;"FF2_599820";1786;"14";"19";-32.9126195;-60.70407276;"Pasaje Uno";"";"";"";"";"";"";"";"";"";"";"";"";"";"";"";"";"";"";"";"";"";"";"";"";"";"";"";"";"";"";""
1346585;"FF2_2406032";1786;"8";"36";-60.7064724;-32.9095309;"GARZON";"";"";"Dirección declarada sin informar";"";"";"";"";"";"";"";"";"";"";"";"";"";"";"";"";"";"";"";"";"";"";"";"";"";"";"";""
1346644;"FF2_2406091";1786;"17";"20";-60.7040552;-32.9099792;"";"";"MUNCURA Y SEFERINO";"Dirección declarada sin informar";"";"";"";"";"";"";"";"";"";"";"";"";"";"";"MUNCURA Y SEFERINO";"";"";"";"";"";"";"";"";"";"";"";"";""
15998;"FF2_016893";1786;"26";"22";-32.91062133;-60.70272123;"Cabal 1455 Bis";"";"";"";"";"";"";"";"";"";"";"";"";"";"";"";"";"";"";"";"";"";"";"";"";"";"";"";"";"";"";""
1391000;"FF2_2450645";1786;"22";"10";-60.7052718;-32.9117857;"SAN CAYETANO 2215 BIS";"";"";"Dirección declarada sin informar";"";"";"";"";"";"";"";"";"";"";"";"";"";"";"";"";"";"";"";"";"";"";"";"";"";"";"";""
698846;"FF2_607943";1786;"5";"219";-32.91277588;-60.70568035;"";"";"";"";"";"";"";"";"";"";"";"";"";"";"";"";"";"";"";"";"";"";"";"";"";"";"";"";"";"";"";""
1315991;"FF2_2375321";1786;"26";"5";-60.7028123;-32.911623;"CABAL";"";"";"Dirección declarada sin informar";"";"";"";"";"";"";"";"";"";"";"";"";"";"";"";"";"";"";"";"";"";"";"";"";"";"";"";""
1316036;"FF2_2375367";1786;"32";"27";-60.7008913;-32.91253;"OTTONE";"";"";"Dirección declarada sin informar";"";"";"";"";"";"";"";"";"";"";"";"";"";"";"";"";"";"";"";"";"";"";"";"";"";"";"";""
691334;"FF2_600416";1786;"45";"6";-32.91191802;-60.7049786;"Olavarria Y Genova";"";"";"";"";"";"";"";"";"";"";"";"";"";"";"";"";"";"";"";"";"";"";"";"";"";"";"";"";"";"";""
1416756;"FF2_2476821";1786;"20";"27";-60.70207333;-32.91134;"M DE LOS ANGELES";"1595";"";"Dirección declarada sin informar";"";"";"";"";"";"";"";"";"";"";"";"";"";"";"";"";"";"";"";"";"";"";"";"";"";"";"";""
64639;"FF2_066181";1786;"26";"24";-32.91151969;-60.70221395;"Cabal Bis Y San Francisco";"";"";"";"";"";"";"";"";"";"";"";"";"";"";"";"";"";"";"";"";"";"";"";"";"";"";"";"";"";"";""
691341;"FF2_600423";1786;"45";"4";-32.91226381;-60.70550181;"S. Cayetano 1420 Bis";"";"";"";"";"";"";"";"";"";"";"";"";"";"";"";"";"";"";"";"";"";"";"";"";"";"";"";"";"";"";""
1321189;"FF2_2380536";1786;"25";"23";-60.7028581;-32.9124593;"CABAL";"1308 BIS";"";"Dirección declarada sin informar";"";"";"";"";"";"";"";"";"";"";"";"";"";"";"";"";"";"";"";"";"";"";"";"";"";"";"";""
1320873;"FF2_2380220";1786;"25";"33";-60.70225098;-32.91288819;"CABAL";"1305";"";"Dirección declarada sin informar";"";"";"";"";"";"";"";"";"";"";"";"";"";"";"";"";"";"";"";"";"";"";"";"";"";"";"";""
684648;"FF2_593728";1786;"13";"51";-32.90943553;-60.70562495;"";"";"";"Dirección declarada sin informar";"";"";"";"";"";"";"";"";"";"";"";"";"";"";"";"";"";"";"";"";"";"";"";"";"";"";"";""
1390986;"FF2_2450631";1786;"35";"37";-60.7056483;-32.9111497;"LAVARRIA 186 BIS";"";"";"Dirección declarada sin informar";"";"";"";"";"";"";"";"";"";"";"";"";"";"";"";"";"";"";"";"";"";"";"";"";"";"";"";""
1360996;"FF2_2420505";1786;"4";"21";-60.70550008;-32.91272462;"SWEISER";"";"";"Dirección declarada sin informar";"";"";"";"";"";"";"";"";"";"";"";"";"";"";"";"";"";"";"";"";"";"";"";"";"";"";"";""
1360733;"FF2_2420241";1786;"4";"67";-60.7061353;-32.9131075;"GARZON";"";"";"Dirección declarada sin informar";"";"";"";"";"";"";"";"";"";"";"";"";"";"";"";"";"";"";"";"";"";"";"";"";"";"";"";""
1429721;"FF2_2492848";1786;"17";"31";-60.7043758;-32.9110396;"OLAVARRÍA";"1551 BIS";"";"Dirección declarada sin informar";"";"";"";"";"";"";"";"";"";"";"";"";"";"";"";"";"";"";"";"";"";"";"";"";"";"";"";""
1346578;"FF2_2406025";1786;"13";"12";-60.7065005;-32.9091845;"GARZON";"";"";"Dirección declarada sin informar";"";"";"";"";"";"";"";"";"";"";"";"";"";"";"";"";"";"";"";"";"";"";"";"";"";"";"";""
1402521;"FF2_2462245";1786;"33";"6";-60.7034861;-32.9139566;"CABAL";"1247";"";"Dirección declarada sin informar";"";"";"";"";"";"";"";"";"";"";"";"";"";"";"";"";"";"6";"";"";"";"";"";"";"";"";"";""
1328128;"FF2_2387505";1786;"25";"17";-60.70287701;-32.91223553;"CABAL 1300";"";"";"Dirección declarada sin informar";"";"";"";"";"";"";"";"";"";"";"";"";"";"";"";"";"";"";"";"";"";"";"";"";"";"";"";""
1353396;"FF2_2412878";1786;"6";"17";-60.7065343;-32.9108736;"GARZON";"";"";"Dirección declarada sin informar";"";"";"";"";"";"";"";"";"";"";"";"";"";"";"";"";"";"";"";"";"";"";"";"";"";"";"";""
1472656;"FF2_2539192";1786;"33";"31";-60.7033424;-32.9136661;"";"";"";"Dirección declarada sin informar";"";"";"";"";"";"";"";"";"";"";"";"";"";"";"";"";"";"MARIANO CABAL 1269 BIS DEPTO 5";"";"";"";"";"";"";"";"";"";""
1325508;"FF2_2384878";1786;"42";"5";-60.7036258;-32.9132144;"M CABAL";"1297 BIS";"";"Dirección declarada sin informar";"";"";"";"";"";"";"";"";"";"";"";"";"";"";"";"";"";"";"";"";"";"";"";"";"";"";"";""
1335603;"FF2_2395012";1786;"15";"1";-60.7047193;-32.9124844;"OLAVARRÍA";"";"";"Dirección declarada sin informar";"";"";"";"";"";"";"";"";"";"";"";"";"";"";"";"";"";"";"";"";"";"";"";"";"";"";"";""
1352011;"FF2_2411488";1786;"5";"165";-60.7059716;-32.9122466;"GARZÓN";"1340BIS";"";"Dirección declarada sin informar";"";"";"";"";"";"";"";"";"";"";"";"";"";"";"";"";"";"";"";"";"";"";"";"";"";"";"";""
1357072;"FF2_2416564";1786;"5";"162";-60.70561667;-32.91178;"OLAVARRIA";"";"";"Dirección declarada sin informar";"";"";"";"";"";"";"";"";"";"";"";"";"";"";"";"";"";"";"";"";"";"";"";"";"";"";"";""
1472638;"FF2_2539173";1786;"20";"17";-60.7028429;-32.9115278;"CABAL BIS";"1400";"";"Dirección declarada sin informar";"";"";"";"";"";"";"";"";"";"";"";"";"";"";"";"";"";"";"";"";"";"";"";"";"";"";"";""
1344073;"FF2_2403511";1786;"47";"32";-60.702011;-32.9142054;"CABAL";"";"";"Dirección declarada sin informar";"";"";"";"";"";"";"";"";"";"";"";"";"";"";"";"";"";"";"";"";"";"";"";"";"";"";"";""
1315460;"FF2_2374788";1786;"32";"1";-60.7009539;-32.9125064;"OTTONE BIS";"1300";"";"Dirección declarada sin informar";"";"";"";"";"";"";"";"";"";"";"";"";"";"";"";"";"";"";"";"";"";"";"";"";"";"";"";""
1416748;"FF2_2476813";1786;"15";"10";-60.7039037;-32.9108168;"CABAL";"";"";"Dirección declarada sin informar";"";"";"";"";"";"";"";"";"";"";"";"";"";"";"";"";"";"";"";"";"";"";"";"";"";"";"";""
1346530;"FF2_2405977";1786;"12";"8";-60.705385;-32.91062;"SAN CAYETANO";"1542 BIS";"";"Dirección declarada sin informar";"";"";"";"";"";"";"";"";"";"";"";"";"";"";"";"";"";"";"";"";"";"";"";"";"";"";"";""
1390970;"FF2_2450615";1786;"11";"6";-60.7054015;-32.9112739;"SAN CAYETANO 2502";"";"";"Dirección declarada sin informar";"";"";"";"";"";"";"";"";"";"";"";"";"";"";"";"";"";"";"";"";"";"";"";"";"";"";"";""
1351234;"FF2_2410706";1786;"17";"124";-60.7045054;-32.9107918;"OLAVARRIA 1600BIS";"";"";"Dirección declarada sin informar";"";"";"";"";"";"";"";"";"";"";"";"";"";"";"";"";"";"";"";"";"";"";"";"";"";"";"";""
1352991;"FF2_2412473";1786;"36";"59";-60.7063033;-32.9127014;"GARZON";"";"";"Dirección declarada sin informar";"";"";"";"";"";"";"";"";"";"";"";"";"";"";"";"";"";"";"";"";"";"";"";"";"";"";"";""
1315459;"FF2_2374787";1786;"32";"4";-60.7011555;-32.9120698;"OTTONE BIS";"";"SAN JOSE";"Dirección declarada sin informar";"";"";"";"";"";"";"";"";"";"";"";"";"";"";"";"";"";"";"";"";"";"";"";"";"";"";"";""
1346525;"FF2_2405972";1786;"12";"39";-60.705375;-32.910275;"";"1500 BIS";"";"Dirección declarada sin informar";"";"";"";"";"";"";"";"";"";"";"";"";"";"";"";"";"";"";"SAN CAYETANO";"";"";"";"";"";"";"";"";""
1344068;"FF2_2403506";1786;"14";"65";-60.7037793;-32.9129809;"OLAVARRIA";"";"";"Dirección declarada sin informar";"";"";"";"";"";"";"";"";"";"";"";"";"";"";"";"";"";"";"";"";"";"";"";"";"";"";"";""
1391030;"FF2_2450675";1786;"14";"16";-60.7040112;-32.9125648;"PASAJE COLBER 1640";"";"";"Dirección declarada sin informar";"";"";"";"";"";"";"";"";"";"";"";"";"";"";"";"";"";"";"";"";"";"";"";"";"";"";"";""
1320881;"FF2_2380228";1786;"40";"2";-60.7037222;-32.9126814;"MAXIMILIANO COVER";"2676";"";"Dirección declarada sin informar";"";"";"";"";"";"";"";"";"";"";"";"";"";"";"";"";"";"";"";"";"";"";"";"";"";"";"";""
1314304;"FF2_2373624";1786;"19";"8";-60.70229333;-32.91117167;"SAN FRANCISCO";"";"SAN JOSE";"Dirección declarada sin informar";"";"";"";"";"";"";"";"";"";"";"";"";"";"";"SAN JOSE";"";"";"";"";"";"";"";"";"";"";"";"";""
8973;"FF2_009784";1786;"5";"214";-32.91273506;-60.70579365;"Olavarria 1330 Bis";"";"";"";"";"";"";"";"";"";"";"";"";"";"";"";"";"";"";"";"";"";"";"";"";"";"";"";"";"";"";""
1346544;"FF2_2405991";1786;"15";"32";-60.703358;-32.912097;"";"";"MARIANO CABRAL Y SAN JOSE";"Dirección declarada sin informar";"";"";"";"";"";"";"";"";"";"";"";"";"";"";"MARIANO CABRAL Y SAN JOSE";"";"";"";"";"";"";"";"";"";"";"";"";""
1346499;"FF2_2405946";1786;"13";"88";-60.7053755;-32.9099602;"MARTINEZ DE ESTRADA";"";"";"Dirección declarada sin informar";"";"";"";"";"";"";"";"";"";"";"";"";"";"";"";"";"";"";"";"";"";"";"";"";"";"";"";""
1347107;"FF2_2406555";1786;"8";"2";-60.70736;-32.910395;"GARZON 1535 BIS";"";"";"Dirección declarada sin informar";"";"";"";"";"";"";"";"";"";"";"";"";"";"";"";"";"";"";"";"";"";"";"";"";"";"";"";""
699010;"FF2_608107";1786;"12";"6";-32.91040647;-60.70563961;"San Cayetano  Numero 1542 Bis";"";"";"Dirección declarada sin informar";"";"";"";"";"";"";"";"";"";"";"";"";"";"";"";"";"";"";"";"";"";"";"";"";"";"";"";""
1344841;"FF2_2404284";1786;"13";"90";-60.705032;-32.9099676;"OLAVARRIA";"";"";"Dirección declarada sin informar";"";"";"";"";"";"";"";"";"";"";"";"";"";"";"";"";"";"";"";"";"";"";"";"";"";"";"";""
1346648;"FF2_2406095";1786;"10";"5";-60.7044541;-32.9104515;"";"";"SEFERINO Y OLEVARRIA";"Dirección declarada sin informar";"";"";"";"";"";"";"";"";"";"";"";"";"";"";"SEFERINO Y OLEVARRIA";"";"";"";"";"";"";"";"";"";"";"";"";""
1353862;"FF2_2413344";1786;"36";"14";-60.7065669;-32.9116286;"GARZON";"";"";"Dirección declarada sin informar";"";"";"";"";"";"";"";"";"";"";"";"";"";"";"";"";"";"";"";"";"";"";"";"";"";"";"";""
1345462;"FF2_2404907";1786;"9";"22";-60.7057396;-32.9087146;"";"";"";"Dirección declarada sin informar";"";"";"";"";"";"";"";"";"";"";"";"";"";"";"";"";"";"";"SAN CAYETANO";"";"";"";"";"";"";"";"";""
15993;"FF2_016888";1786;"26";"20";-32.91113412;-60.70227442;"";"";"";"Dirección declarada sin informar";"";"";"";"";"";"";"";"";"";"";"";"";"";"";"";"";"";"";"";"";"";"";"";"";"";"";"";""
1314303;"FF2_2373623";1786;"34";"1";-60.70181167;-32.91152;"PJE SAN JOSE";"";"OTTONE";"Dirección declarada sin informar";"";"";"";"";"";"";"";"";"";"";"";"";"";"";"OTTONE";"";"";"";"";"";"";"";"";"";"";"";"";""
1390991;"FF2_2450636";1786;"7";"39";-60.7063209;-32.9104933;"GARZON 1541 BIS";"";"";"Dirección declarada sin informar";"";"";"";"";"";"";"";"";"";"";"";"";"";"";"";"";"";"";"";"";"";"";"";"";"";"";"";""
1326436;"FF2_2385808";1786;"27";"16";-60.7024181;-32.9109241;"CABAL";"";"";"Dirección declarada sin informar";"";"";"";"";"";"";"";"";"";"";"";"";"";"";"";"";"";"";"";"";"";"";"";"";"";"";"";""
1316076;"FF2_2375407";1786;"13";"4";-60.70310167;-32.91058667;"CABAL";"";"";"Dirección declarada sin informar";"";"";"";"";"";"";"";"";"";"";"";"";"";"";"";"";"";"";"";"";"";"";"";"";"";"";"";""
1346676;"FF2_2406123";1786;"12";"37";-60.7055287;-32.9102335;"";"";"";"Dirección declarada sin informar";"";"";"";"";"";"";"";"";"";"";"";"";"";"";"";"";"";"";"";"";"";"";"";"";"";"";"";""
1315990;"FF2_2375320";1786;"7";"40";-60.7021174;-32.9117294;"CABAL";"1700";"";"Dirección declarada sin informar";"";"";"";"";"";"";"";"";"";"";"";"";"";"";"";"";"";"";"";"";"";"";"";"";"";"";"";""
1343330;"FF2_2402765";1786;"19";"47";-60.7044195;-32.9102956;"MARTINEZ DE ESTRADA";"";"";"Dirección declarada sin informar";"";"";"";"";"";"";"";"";"";"";"";"";"";"";"";"";"";"";"";"";"";"";"";"";"";"";"";""
698876;"FF2_607973";1786;"6";"15";-32.91096418;-60.70645339;"Garson 1416 Bis";"";"";"";"";"";"";"";"";"";"";"";"";"";"";"";"";"";"";"";"";"";"";"";"";"";"";"";"";"";"";""
1325513;"FF2_2384883";1786;"33";"13";-60.7034876;-32.912675;"COLBERT";"";"CABAL";"Dirección declarada sin informar";"";"";"";"";"";"";"";"";"";"";"";"";"";"";"CABAL";"";"";"";"";"";"";"";"";"";"";"";"";""
1341554;"FF2_2400982";1786;"17";"75";-60.7041471;-32.9109812;"M DE LOS ANGELES";"1586 BIS";"";"Dirección declarada sin informar";"";"";"";"";"";"";"";"";"";"";"";"";"";"";"";"";"";"";"";"";"";"";"";"";"";"";"";""
1344163;"FF2_2403601";1786;"18";"13";-60.70430667;-32.909365;"OLAVARRIA";"1600 BIS";"";"Dirección declarada sin informar";"";"";"";"";"";"";"";"";"";"";"";"";"";"";"";"";"";"";"";"";"";"";"";"";"";"";"";""
1344164;"FF2_2403602";1786;"6";"12";-60.70403;-32.90997833;"CABAL";"1600 BIS";"";"Dirección declarada sin informar";"";"";"";"";"";"";"";"";"";"";"";"";"";"";"";"";"";"";"";"";"";"";"";"";"";"";"";""
1346646;"FF2_2406093";1786;"13";"3";-60.703051;-32.9104071;"CABAL";"";"";"Dirección declarada sin informar";"";"";"";"";"";"";"";"";"";"";"";"";"";"";"";"";"";"";"";"";"";"";"";"";"";"";"";""
1341555;"FF2_2400983";1786;"17";"41";-60.7035128;-32.9110405;"M DE LOS ANGELES";"1580";"";"Dirección declarada sin informar";"";"";"";"";"";"";"";"";"";"";"";"";"";"";"";"";"";"";"";"";"";"";"";"";"";"";"";""
1315949;"FF2_2375279";1786;"33";"17";-60.7009308;-32.9125494;"OTTONE";"1306 BIS";"";"Dirección declarada sin informar";"";"";"";"";"";"";"";"";"";"";"";"";"";"";"";"";"";"PASILLO";"";"";"";"";"";"";"";"";"";""
7840;"FF2_008638";1786;"1";"19";-32.91422774;-60.70551345;"Guaycuru 2755";"";"";"";"";"";"";"";"";"";"";"";"";"";"";"";"";"";"";"";"";"";"";"";"";"";"";"";"";"";"";""
1346634;"FF2_2406081";1786;"41";"9";-60.7041739;-32.9132235;"OLEVARRIA";"";"";"Dirección declarada sin informar";"";"";"";"";"";"";"";"";"";"";"";"";"";"";"";"";"";"";"";"";"";"";"";"";"";"";"";""
1314302;"FF2_2373622";1786;"46";"14";-60.70169667;-32.91150833;"PJE SAN JOSE OTTONE";"";"OTTONE";"Dirección declarada sin informar";"";"";"";"";"";"";"";"";"";"";"";"";"";"";"OTTONE";"";"";"";"";"";"";"";"";"";"";"";"";""
1353086;"FF2_2412568";1786;"36";"59";-60.7059857;-32.9125199;"GARZON";"";"";"Dirección declarada sin informar";"";"";"";"";"";"";"";"";"";"";"";"";"";"";"";"";"";"";"";"";"";"";"";"";"";"";"";""
1346569;"FF2_2406016";1786;"13";"8";-60.7059584;-32.9086942;"SAN TANO";"";"";"Dirección declarada sin informar";"";"";"";"";"";"";"";"";"";"";"";"";"";"";"";"";"";"";"";"";"";"";"";"";"";"";"";""
1391015;"FF2_2450660";1786;"14";"2";-60.7046747;-32.9134305;"OLAVARRIA";"1315 BIS";"";"";"";"";"";"";"";"";"";"";"";"";"";"";"";"";"";"";"";"";"";"";"";"";"";"";"";"";"";""
1321482;"FF2_2380833";1786;"25";"22";-60.70260333;-32.91215167;"MARIANO CANAL";"";"";"Dirección declarada sin informar";"";"";"";"";"";"";"";"";"";"";"";"";"";"";"";"";"";"";"";"";"";"";"";"";"";"";"";""
1353090;"FF2_2412572";1786;"36";"14";-60.7065654;-32.9118875;"GARZON 1370 BIS";"";"";"Dirección declarada sin informar";"";"";"";"";"";"";"";"";"";"";"";"";"";"";"";"";"";"";"";"";"";"";"";"";"";"";"";""
678976;"FF2_588054";1786;"34";"60";-32.91211167;-60.701315;"Cabal 1312";"";"";"Dirección declarada sin informar";"";"";"";"";"";"";"";"";"";"";"";"";"";"";"";"";"";"";"";"";"";"";"";"";"";"";"";""
1344149;"FF2_2403587";1786;"47";"22";-60.70351;-32.91012;"M CABAL";"1500 BIS";"";"Dirección declarada sin informar";"";"";"";"";"";"";"";"";"";"";"";"";"";"";"";"";"";"";"";"";"";"";"";"";"";"";"";""
1341421;"FF2_2400848";1786;"41";"12";-60.7038588;-32.9132391;"OLAVARRIA";"";"";"Dirección declarada sin informar";"";"";"";"";"";"";"";"";"";"";"";"";"";"";"";"";"";"";"";"";"";"";"";"";"";"";"";""
1345456;"FF2_2404901";1786;"7";"25";-60.7051192;-32.9099343;"SEFERINO";"";"";"Dirección declarada sin informar";"";"";"";"";"";"";"";"";"";"";"";"";"";"";"";"";"";"";"";"";"";"";"";"";"";"";"";""
1353080;"FF2_2412562";1786;"35";"40";-60.7053787;-32.911495;"SAN TANO";"";"";"Dirección declarada sin informar";"";"";"";"";"";"";"";"";"";"";"";"";"";"";"";"";"";"";"";"";"";"";"";"";"";"";"";""
1346447;"FF2_2405894";1786;"9";"3";-60.7069107;-32.9091065;"GARZON";"";"";"Dirección declarada sin informar";"";"";"";"";"";"";"";"";"";"";"";"";"";"";"";"";"";"";"";"";"";"";"";"";"";"";"";""
1317675;"FF2_2377017";1786;"32";"29";-60.7009676;-32.9125676;"OTTONE PASILLO";"1300";"";"Dirección declarada sin informar";"";"";"";"";"";"";"";"";"";"";"";"";"";"";"";"";"";"";"";"";"";"";"";"";"";"";"";""
1343323;"FF2_2402758";1786;"20";"32";-60.7029787;-32.9110896;"CABAL";"";"";"Dirección declarada sin informar";"";"";"";"";"";"";"";"";"";"";"";"";"";"";"";"";"";"";"";"";"";"";"";"";"";"";"";""
678906;"FF2_587984";1786;"25";"34";-32.91268324;-60.70248897;"Gambeta 1305 bis";"";"";"";"";"";"";"";"";"";"";"";"";"";"";"";"";"";"";"";"";"";"";"";"";"";"";"";"";"";"";""
1325796;"FF2_2385166";1786;"24";"31";-60.7040955;-32.9125868;"PASAJE 1";"";"";"Dirección declarada sin informar";"";"";"";"";"";"";"";"";"";"";"";"";"";"";"";"";"";"";"";"";"";"";"";"";"";"";"";""
1364184;"FF2_2423702";1786;"45";"31";-60.7053997;-32.91219;"SAN TANO";"";"";"Dirección declarada sin informar";"";"";"";"";"";"";"";"";"";"";"";"";"";"";"";"";"";"";"";"";"";"";"";"";"";"";"";""
1344153;"FF2_2403591";1786;"17";"22";-60.704035;-32.90998333;"CEFERINO MANICURA";"1600 BIS";"";"Dirección declarada sin informar";"";"";"";"";"";"";"";"";"";"";"";"";"";"";"";"";"";"";"";"";"";"";"";"";"";"";"";""
1357067;"FF2_2416559";1786;"4";"74";-60.7064542;-32.9133492;"GARZON";"1310 BIS";"";"Dirección declarada sin informar";"";"";"";"";"";"";"";"";"";"";"";"";"";"";"";"";"";"";"";"";"";"";"";"";"";"";"";""
1346524;"FF2_2405971";1786;"9";"5";-60.7062207;-32.9085251;"GARZON";"";"";"Dirección declarada sin informar";"";"";"";"";"";"";"";"";"";"";"";"";"";"";"";"";"";"";"";"";"";"";"";"";"";"";"";""
1325799;"FF2_2385169";1786;"42";"60";-60.7028402;-32.9136322;"CABAL";"";"";"Dirección declarada sin informar";"";"";"";"";"";"";"";"";"";"";"";"";"";"";"";"";"";"";"";"";"";"";"";"";"";"";"";""
1326761;"FF2_2386133";1786;"15";"33";-60.70341161;-32.91188923;"SAN JOSE";"";"";"Dirección declarada sin informar";"";"";"";"";"";"";"";"";"";"";"";"";"";"";"";"";"";"";"";"";"";"";"";"";"";"";"";""
1390997;"FF2_2450642";1786;"5";"214";-60.7053088;-32.9125829;"OLAVARRIA 1364 BIS";"";"";"Dirección declarada sin informar";"";"";"";"";"";"";"";"";"";"";"";"";"";"";"";"";"";"";"";"";"";"";"";"";"";"";"";""
1315960;"FF2_2375290";1786;"32";"22";-60.7006712;-32.9124718;"OTTONE";"1300";"";"Dirección declarada sin informar";"";"";"";"";"";"";"";"";"";"";"";"";"";"";"";"";"";"";"";"";"";"";"";"";"";"";"";""
1325571;"FF2_2384941";1786;"42";"17";-60.7031255;-32.9133788;"QUITO";"";"";"Dirección declarada sin informar";"";"";"";"";"";"";"";"";"";"";"";"";"";"";"";"";"";"";"";"";"";"";"";"";"";"";"";""
1346669;"FF2_2406116";1786;"9";"6";-60.7062023;-32.9085284;"BARRA";"";"";"Dirección declarada sin informar";"";"";"";"";"";"";"";"";"";"";"";"";"";"";"";"";"";"";"";"";"";"";"";"";"";"";"";""
24616;"FF2_025650";1786;"3";"25";-32.91312553;-60.70544347;"Olive 2748";"";"";"SCHWEITZER entre GARZÓN BIS y OLAVARRÍA BIS";"";"";"";"";"";"";"";"";"";"";"";"";"";"";"";"";"";"";"";"";"";"";"";"";"";"";"";""
678868;"FF2_587946";1786;"32";"38";-32.91284198;-60.70077386;"Ottone 1300 Dto 10";"";"";"SCHWEITZER entre LOTE y OTTONE BIS";"";"";"";"";"";"";"";"";"";"";"";"";"";"";"";"";"";"";"";"";"";"";"";"";"";"";"";""
1329097;"FF2_2388477";1786;"15";"20";-60.7035658;-32.9119588;"SAN JOSE";"";"CABAL";"Dirección declarada sin informar";"";"";"";"";"";"";"";"";"";"";"";"";"";"";"CABAL";"";"";"";"";"";"";"";"";"";"";"";"";""
1346517;"FF2_2405964";1786;"7";"8";-60.706338;-32.9101855;"GARZON";"1550 BIS";"";"Dirección declarada sin informar";"";"";"";"";"";"";"";"";"";"";"";"";"";"";"";"";"";"";"";"";"";"";"";"";"";"";"";""
1347099;"FF2_2406547";1786;"12";"25";-60.7050483;-32.9089367;"MARTINEZ DE ESTRADA";"";"";"Dirección declarada sin informar";"";"";"";"";"";"";"";"";"";"";"";"";"";"";"";"";"";"";"";"";"";"";"";"";"";"";"";""
1431843;"FF2_2495283";1786;"14";"4";-60.7046592;-32.9134615;"OLAVARRIA";"1314";"";"Dirección declarada sin informar";"";"";"";"";"";"";"";"";"";"";"";"";"";"";"";"";"";"";"";"";"";"";"";"";"";"";"";""
1316039;"FF2_2375370";1786;"32";"23";-60.70057;-32.9125705;"SANTA CLARA";"";"";"Dirección declarada sin informar";"";"";"";"";"";"";"";"";"";"";"";"";"";"";"";"";"";"";"";"";"";"";"";"";"";"";"";""
1345953;"FF2_2405400";1786;"8";"78";-60.7057023;-32.910106;"SAN CAYETANO";"";"";"Dirección declarada sin informar";"";"";"";"";"";"";"";"";"";"";"";"";"";"";"";"";"";"";"";"";"";"";"";"";"";"";"";""
1345952;"FF2_2405399";1786;"13";"78";-60.7058562;-32.9100327;"SAN CAYETANO";"";"";"Dirección declarada sin informar";"";"";"";"";"";"";"";"";"";"";"";"";"";"";"";"";"";"";"";"";"";"";"";"";"";"";"";""
1326514;"FF2_2385886";1786;"15";"44";-60.703395;-32.91235;" CABAK";"1327 BIS";"";"Dirección declarada sin informar";"";"";"";"";"";"";"";"";"";"";"";"";"";"";"";"";"";"DEPTO 5";"";"";"";"";"";"";"";"";"";""
1353084;"FF2_2412566";1786;"37";"27";-60.70576769;-32.91169166;"SAN TANO";"";"";"Dirección declarada sin informar";"";"";"";"";"";"";"";"";"";"";"";"";"";"";"";"";"";"";"";"";"";"";"";"";"";"";"";""
1341565;"FF2_2400993";1786;"41";"40";-60.7042279;-32.9135101;"OLAVARRIA";"1268 BIS";"";"Dirección declarada sin informar";"";"";"";"";"";"";"";"";"";"";"";"";"";"";"";"";"";"";"";"";"";"";"";"";"";"";"";""
681718;"FF2_590797";1786;"28";"2";-32.91081681;-60.70290213;"Cabal";"";"";"";"";"";"";"";"";"";"";"";"";"";"";"";"";"";"";"";"";"";"";"";"";"";"";"";"";"";"";""
1321179;"FF2_2380526";1786;"31";"1";-60.7005959;-32.9128121;"OTTONE";"";"";"Dirección declarada sin informar";"";"";"";"";"";"";"";"";"";"";"";"";"";"";"";"";"";"";"";"";"";"";"";"";"";"";"";""
1429701;"FF2_2492820";1786;"14";"36";-60.70405609;-32.91281756;"";"";"OLAVARRIA Y CABAL";"Dirección declarada sin informar";"";"";"";"";"";"";"";"";"";"";"";"";"";"";"OLAVARRIA Y CABAL";"";"";"";"PASAJE 1";"";"";"";"";"";"";"";"";""
1329104;"FF2_2388485";1786;"14";"35";-60.7046724;-32.9127682;"OLAVARRIA";"1359 BIS";"";"Dirección declarada sin informar";"";"";"";"";"";"";"";"";"";"";"";"";"";"";"";"";"";"";"";"";"";"";"";"";"";"";"";""
1347110;"FF2_2406558";1786;"8";"85";-60.706295;-32.91012;"MARTINEZ ESTRADA 2753";"";"";"Dirección declarada sin informar";"";"";"";"";"";"";"";"";"";"";"";"";"";"";"";"";"";"";"";"";"";"";"";"";"";"";"";""
1346672;"FF2_2406119";1786;"8";"64";-60.70660388;-32.90956752;"GARZON";"";"";"Dirección declarada sin informar";"";"";"";"";"";"";"";"";"";"";"";"";"";"";"";"";"";"";"";"";"";"";"";"";"";"";"";""
1328143;"FF2_2387520";1786;"24";"8";-60.7036787;-32.9119801;"CABAL 1300";"";"";"Dirección declarada sin informar";"";"";"";"";"";"";"";"";"";"";"";"";"";"";"";"";"";"";"";"";"";"";"";"";"";"";"";""
1343364;"FF2_2402799";1786;"37";"1";-60.7043874;-32.9137451;"OLABARRIA 1266";"";"";"Dirección declarada sin informar";"";"";"";"";"";"";"";"";"";"";"";"";"";"";"";"";"";"";"";"";"";"";"";"";"";"";"";""
690871;"FF2_599953";1786;"23";"20";-32.91291581;-60.70208488;"Pasaje Santa Clara 2501";"";"";"";"";"";"";"";"";"";"";"";"";"";"";"";"";"";"";"";"";"";"";"";"";"";"";"";"";"";"";""
1316077;"FF2_2375408";1786;"34";"9";-60.7015317;-32.9117167;"CABAL";"";"";"Dirección declarada sin informar";"";"";"";"";"";"";"";"";"";"";"";"";"";"";"";"";"";"";"";"";"";"";"";"";"";"";"";""
1347419;"FF2_2406867";1786;"15";"41";-60.70337727;-32.91203195;"SAN JOSÉ";"";"";"Dirección declarada sin informar";"";"";"";"";"";"";"";"";"";"";"";"";"";"";"";"";"";"";"";"";"";"";"";"";"";"";"";""
1353861;"FF2_2413343";1786;"6";"3";-60.7064423;-32.9114458;"GARZON";"";"";"Dirección declarada sin informar";"";"";"";"";"";"";"";"";"";"";"";"";"";"";"";"";"";"";"";"";"";"";"";"";"";"";"";""
1362013;"FF2_2421525";1786;"3";"4";-60.7061554;-32.9130628;"GARZON";"";"";"Dirección declarada sin informar";"";"";"";"";"";"";"";"";"";"";"";"";"";"";"";"";"";"";"";"";"";"";"";"";"";"";"";""
1424119;"FF2_2486529";1786;"8";"28";-60.7010222;-32.9157241;"GARZON";"";"";"Dirección declarada sin informar";"";"";"";"";"";"";"";"";"";"";"";"";"";"";"";"";"";"";"";"";"";"";"";"";"";"";"";""
1320445;"FF2_2379789";1786;"32";"18";-60.7009657;-32.9126067;"OTHONE";"";"";"Dirección declarada sin informar";"";"";"";"";"";"";"";"";"";"";"";"";"";"";"";"";"";"";"";"";"";"";"";"";"";"";"";""
1353104;"FF2_2412586";1786;"7";"6";-60.7065333;-32.9102284;"GARZON";"";"";"Dirección declarada sin informar";"";"";"";"";"";"";"";"";"";"";"";"";"";"";"";"";"";"";"";"";"";"";"";"";"";"";"";""
1346661;"FF2_2406108";1786;"13";"1";-60.70535315;-32.91004983;"";"";"SEFERINO NAMUCARA";"Dirección declarada sin informar";"";"";"";"";"";"";"";"";"";"";"";"";"";"";"SEFERINO NAMUCARA";"";"";"";"";"";"";"";"";"";"";"";"";""
1345949;"FF2_2405396";1786;"12";"93";-60.7052442;-32.9100969;"CEFERINO NAMUCURA";"";"";"Dirección declarada sin informar";"";"";"";"";"";"";"";"";"";"";"";"";"";"";"";"";"";"";"";"";"";"";"";"";"";"";"";""
1352109;"FF2_2411587";1786;"38";"16";-60.7062426;-32.9129444;"GARZON";"";"";"Dirección declarada sin informar";"";"";"";"";"";"";"";"";"";"";"";"";"";"";"";"";"";"";"";"";"";"";"";"";"";"";"";""
1353665;"FF2_2413147";1786;"6";"4";-60.7064842;-32.9113303;"GARZON 1400 BIS";"";"";"Dirección declarada sin informar";"";"";"";"";"";"";"";"";"";"";"";"";"";"";"";"";"";"";"";"";"";"";"";"";"";"";"";""
1470339;"FF2_2536785";1786;"46";"30";-60.70219775;-32.91112752;"SAN JOSE";"";"";"Dirección declarada sin informar";"";"";"";"";"";"";"";"";"";"";"";"";"";"";"";"";"";"";"";"";"";"";"";"";"";"";"";""
1321480;"FF2_2380831";1786;"25";"25";-60.7028979;-32.9120069;"MARIANO CANAL";"";"";"Dirección declarada sin informar";"";"";"";"";"";"";"";"";"";"";"";"";"";"";"";"";"";"";"";"";"";"";"";"";"";"";"";""
1346659;"FF2_2406106";1786;"3";"7";-60.705035;-32.9088587;"OLAVARRIA";"";"";"Dirección declarada sin informar";"";"";"";"";"";"";"";"";"";"";"";"";"";"";"";"";"";"";"";"";"";"";"";"";"";"";"";""
1343380;"FF2_2402815";1786;"17";"23";-60.7035015;-32.9103597;"CABAL";"";"";"Dirección declarada sin informar";"";"";"";"";"";"";"";"";"";"";"";"";"";"";"";"";"";"";"";"";"";"";"";"";"";"";"";""
15990;"FF2_016885";1786;"26";"26";-32.91166713;-60.70209736;"";"";"";"Dirección declarada sin informar";"";"";"";"";"";"";"";"";"";"";"";"";"";"";"";"";"";"";"";"";"";"";"";"";"";"";"";""
1390987;"FF2_2450632";1786;"6";"16";-60.706494;-32.9107017;"GARZON 1424 BIS";"";"";"Dirección declarada sin informar";"";"";"";"";"";"";"";"";"";"";"";"";"";"";"";"";"";"";"";"";"";"";"";"";"";"";"";""
1346450;"FF2_2405897";1786;"7";"17";-60.705585;-32.9103427;"SAN CAYETANO";"";"";"Dirección declarada sin informar";"";"";"";"";"";"";"";"";"";"";"";"";"";"";"";"";"";"";"";"";"";"";"";"";"";"";"";""
699324;"FF2_608421";1786;"37";"33";-32.91171199;-60.70619124;"Garzon. 1380 Bis";"";"";"";"";"";"";"";"";"";"";"";"";"";"";"";"";"";"";"";"";"";"";"";"";"";"";"";"";"";"";""
1315997;"FF2_2375327";1786;"34";"27";-60.7014347;-32.9119582;"SAN JOSE";"";"";"Dirección declarada sin informar";"";"";"";"";"";"";"";"";"";"";"";"";"";"";"";"";"";"";"";"";"";"";"";"";"";"";"";""
1353395;"FF2_2412877";1786;"6";"13";-60.7065213;-32.91121473;"GARZON";"";"";"Dirección declarada sin informar";"";"";"";"";"";"";"";"";"";"";"";"";"";"";"";"";"";"";"";"";"";"";"";"";"";"";"";""
1344269;"FF2_2403710";1786;"17";"62";-60.7041907;-32.9102138;"MARIANO CABAL";"";"";"Dirección declarada sin informar";"";"";"";"";"";"";"";"";"";"";"";"";"";"";"";"";"";"";"";"";"";"";"";"";"";"";"";""
1347407;"FF2_2406855";1786;"14";"1";-60.7048194;-32.9131818;"OLAVARRIA";"1350";"";"Dirección declarada sin informar";"";"";"";"";"";"";"";"";"";"";"";"";"";"";"";"";"";"";"";"";"";"";"";"";"";"";"";""
1429720;"FF2_2492847";1786;"41";"27";-60.70383061;-32.91324962;"OLAVARRÍA";"1268";"";"Dirección declarada sin informar";"";"";"";"";"";"";"";"";"";"";"";"";"";"";"";"";"";"PASILLO";"";"";"";"";"";"";"";"";"";""
678985;"FF2_588063";1786;"25";"34";-32.912615;-60.70243;"Cabal 1300";"";"";"";"";"";"";"";"";"";"";"";"";"";"";"";"";"";"";"";"";"";"";"";"";"";"";"";"";"";"";""
1326295;"FF2_2385666";1786;"25";"74";-60.7028702;-32.911922;"CABAL";"";"";"Dirección declarada sin informar";"";"";"";"";"";"";"";"";"";"";"";"";"";"";"";"";"";"";"";"";"";"";"";"";"";"";"";""
1345451;"FF2_2404896";1786;"13";"96";-60.7051972;-32.9101149;"OLAVARRÍA";"";"";"Dirección declarada sin informar";"";"";"";"";"";"";"";"";"";"";"";"";"";"";"";"";"";"";"";"";"";"";"";"";"";"";"";""
1321175;"FF2_2380522";1786;"31";"17";-60.6994724;-32.9136082;"OLIVE";"2417";"";"Dirección declarada sin informar";"";"";"";"";"";"";"";"";"";"";"";"";"";"";"";"";"";"";"";"";"";"";"";"";"";"";"";""
1346649;"FF2_2406096";1786;"17";"127";-60.7047402;-32.9107508;"OLAVARRIA";"1600";"";"Dirección declarada sin informar";"";"";"";"";"";"";"";"";"";"";"";"";"";"";"";"";"";"";"";"";"";"";"";"";"";"";"";""
681794;"FF2_590873";1786;"19";"44";-32.90938287;-60.70427941;"";"";"";"CALLE 1482 BIS entre CABAL BIS y OLAVARRÍA BIS";"";"";"";"";"";"";"";"";"";"";"";"";"";"";"";"";"";"";"";"";"";"";"";"";"";"";"";""
1315447;"FF2_2374775";1786;"46";"1";-60.7027096;-32.9107227;"SAN FRANCISCO";"";"CABAL";"Dirección declarada sin informar";"";"";"";"";"";"";"";"";"";"";"";"";"";"";"";"";"";"";"";"";"";"";"";"";"";"";"";""
1316026;"FF2_2375357";1786;"34";"19";-60.7012986;-32.9119299;"OTTONE";"";"";"Dirección declarada sin informar";"";"";"";"";"";"";"";"";"";"";"";"";"";"";"";"";"";"";"";"";"";"";"";"";"";"";"";""
1346435;"FF2_2405882";1786;"9";"21";-60.7059402;-32.908566;"GARZON";"";"";"Dirección declarada sin informar";"";"";"";"";"";"";"";"";"";"";"";"";"";"";"";"";"";"";"";"";"";"";"";"";"";"";"";""
1346983;"FF2_2406431";1786;"7";"30";-60.705483;-32.9104115;"";"";"";"Dirección declarada sin informar";"";"";"";"";"";"";"";"";"";"";"";"";"";"";"";"";"";"";"SAN CAYETANO";"";"";"";"";"";"";"";"";""
684996;"FF2_594076";1786;"15";"21";-32.91197288;-60.70383501;"";"";"";"Dirección declarada sin informar";"";"";"";"";"";"";"";"";"";"";"";"";"";"";"";"";"";"";"";"";"";"";"";"";"";"";"";""
1347411;"FF2_2406859";1786;"17";"17";-60.70372365;-32.91009303;"OLIVARRIA";"1600";"";"Dirección declarada sin informar";"";"";"";"";"";"";"";"";"";"";"";"";"";"";"";"";"";"";"";"";"";"";"";"";"";"";"";""
699343;"FF2_608440";1786;"42";"15";-32.91353472;-60.70303393;"1300";"";"";"";"";"";"";"";"";"";"";"";"";"";"";"";"";"";"";"";"";"";"";"";"";"";"";"";"";"";"";""
1469885;"FF2_2536316";1786;"32";"16";-60.7051829;-32.9128286;"SCHWEITZER";"1298";"";"Dirección declarada sin informar";"";"";"";"";"";"";"";"";"";"";"";"";"";"";"";"";"";"";"";"";"";"";"";"";"";"";"";""
1346493;"FF2_2405940";1786;"13";"47";-60.70497;-32.90904833;"OLAVARRIA";"1600 BIS";"";"Dirección declarada sin informar";"";"";"";"";"";"";"";"";"";"";"";"";"";"";"";"";"";"";"";"";"";"";"";"";"";"";"";""
1321491;"FF2_2380842";1786;"32";"38";-60.7007831;-32.9127277;"OTTONE";"1300 BIS";"";"Dirección declarada sin informar";"";"";"";"";"";"";"";"";"";"";"";"";"";"";"";"";"";"";"";"";"";"";"";"";"";"";"";""
1352104;"FF2_2411582";1786;"11";"16";-60.7050488;-32.9108485;"OLAVARRIA";"";"";"Dirección declarada sin informar";"";"";"";"";"";"";"";"";"";"";"";"";"";"";"";"";"";"";"";"";"";"";"";"";"";"";"";""
678907;"FF2_587985";1786;"24";"1";-32.91284984;-60.70239779;"";"";"";"SCHWEITZER entre CABAL BIS y VIRGINIO OTTONE BIS";"";"";"";"";"";"";"";"";"";"";"";"";"";"";"";"";"";"";"";"";"";"";"";"";"";"";"";""
1314171;"FF2_2373490";1786;"27";"44";-60.70276237;-32.91127439;"CABAL";"";"";"Dirección declarada sin informar";"";"";"";"";"";"";"";"";"";"";"";"";"";"";"";"";"";"";"";"";"";"";"";"";"";"";"";""
1346575;"FF2_2406022";1786;"8";"20";-60.7061822;-32.9090516;"SAN TANO";"";"";"Dirección declarada sin informar";"";"";"";"";"";"";"";"";"";"";"";"";"";"";"";"";"";"";"";"";"";"";"";"";"";"";"";""
1343376;"FF2_2402811";1786;"11";"6";-60.7040712;-32.9105138;"OLAVARRIA";"";"";"Dirección declarada sin informar";"";"";"";"";"";"";"";"";"";"";"";"";"";"";"";"";"";"";"";"";"";"";"";"";"";"";"";""
1429699;"FF2_2492818";1786;"15";"2";-60.7046966;-32.9124072;"OLAVARRIA";"1406";"";"Dirección declarada sin informar";"";"";"";"";"";"";"";"";"";"";"";"";"";"";"";"";"";"";"";"";"";"";"";"";"";"";"";""
1345461;"FF2_2404906";1786;"13";"80";-60.70557989;-32.90944529;"";"";"";"Dirección declarada sin informar";"";"";"";"";"";"";"";"";"";"";"";"";"";"";"";"";"";"";"SAN CAYETANO";"";"";"";"";"";"";"";"";""
1316028;"FF2_2375359";1786;"26";"5";-60.70235542;-32.91158704;"CABAL";"";"";"Dirección declarada sin informar";"";"";"";"";"";"";"";"";"";"";"";"";"";"";"";"";"";"";"";"";"";"";"";"";"";"";"";""
1322251;"FF2_2381607";1786;"31";"24";-60.7007376;-32.912963;"OTTONE";"";"";"Dirección declarada sin informar";"";"";"";"";"";"";"";"";"";"";"";"";"";"";"";"";"";"";"";"";"";"";"";"";"";"";"";""
1344120;"FF2_2403558";1786;"20";"25";-60.7029194;-32.9111708;"CABAL";"";"";"Dirección declarada sin informar";"";"";"";"";"";"";"";"";"";"";"";"";"";"";"";"";"";"";"";"";"";"";"";"";"";"";"";""
1316035;"FF2_2375366";1786;"33";"12";-60.7009397;-32.9125425;"OTTONE";"";"";"";"";"";"";"";"";"";"";"";"";"";"";"";"";"";"";"";"";"";"";"";"";"";"";"";"";"";"";""
1326418;"FF2_2385790";1786;"20";"10";-60.7026238;-32.9118874;"SAN JOSE";"";"";"Dirección declarada sin informar";"";"";"";"";"";"";"";"";"";"";"";"";"";"";"";"";"";"";"";"";"";"";"";"";"";"";"";""
1326290;"FF2_2385661";1786;"40";"18";-60.70333668;-32.91297343;"CABAL 1300";"";"";"Dirección declarada sin informar";"";"";"";"";"";"";"";"";"";"";"";"";"";"";"";"";"";"";"";"";"";"";"";"";"";"";"";""
691359;"FF2_600441";1786;"39";"23";-32.91223357;-60.70472791;"Olavarria 1415 Bis Pasillo";"";"";"Dirección declarada sin informar";"";"";"";"";"";"";"";"";"";"";"";"";"";"";"";"";"";"";"";"";"";"";"";"";"";"";"";""
1322263;"FF2_2381619";1786;"25";"67";-60.7033825;-32.9123176;"CABAL 1300";"";"";"Dirección declarada sin informar";"";"";"";"";"";"";"";"";"";"";"";"";"";"";"";"";"";"";"";"";"";"";"";"";"";"";"";""
1326336;"FF2_2385708";1786;"40";"29";-60.7027936;-32.9131622;"CABAL";"";"";"Dirección declarada sin informar";"";"";"";"";"";"";"";"";"";"";"";"";"";"";"";"";"";"";"";"";"";"";"";"";"";"";"";""
678905;"FF2_587983";1786;"25";"76";-32.91226964;-60.70266105;"Mariano caval 1308";"";"";"";"";"";"";"";"";"";"";"";"";"";"";"";"";"";"";"";"";"";"";"";"";"";"";"";"";"";"";""
1344071;"FF2_2403509";1786;"17";"1";-60.704895;-32.9099572;"OLAVARRIA";"";"";"Dirección declarada sin informar";"";"";"";"";"";"";"";"";"";"";"";"";"";"";"";"";"";"";"";"";"";"";"";"";"";"";"";""
24665;"FF2_025699";1786;"25";"67";-32.953814258;-60.651537936;"Cabal1304bis";"";"";"";"";"";"";"";"";"";"";"";"";"";"";"";"";"";"";"";"";"";"";"";"";"";"";"";"";"";"";""
1317677;"FF2_2377019";1786;"32";"28";-60.7009854;-32.9125719;"OTTONE BIS";"1300";"";"Dirección declarada sin informar";"";"";"";"";"";"";"";"";"";"";"";"";"";"";"";"";"";"";"";"";"";"";"";"";"";"";"";""
1320876;"FF2_2380223";1786;"25";"15";-60.70262598;-32.91260502;"MARIANO CABAL";"";"";"Dirección declarada sin informar";"";"";"";"";"";"";"";"";"";"";"";"";"";"";"";"";"";"";"";"";"";"";"";"";"";"";"";""
1347091;"FF2_2406539";1786;"13";"32";-60.70548333;-32.90903167;"SANTA INEZ";"";"";"Dirección declarada sin informar";"";"";"";"";"";"";"";"";"";"";"";"";"";"";"";"";"";"";"";"";"";"";"";"";"";"";"";""
1345108;"FF2_2404552";1786;"13";"85";-60.70557363;-32.90989329;"SAN TANO";"";"";"Dirección declarada sin informar";"";"";"";"";"";"";"";"";"";"";"";"";"";"";"";"";"";"";"";"";"";"";"";"";"";"";"";""
1346620;"FF2_2406067";1786;"44";"14";-60.7043348;-32.9137599;"OLEVARRIA";"1256";"";"Dirección declarada sin informar";"";"";"";"";"";"";"";"";"";"";"";"";"";"";"";"";"";"";"";"";"";"";"";"";"";"";"";""
1356229;"FF2_2415721";1786;"11";"2";-60.7055958;-32.9116245;"SAN TANO";"";"";"Dirección declarada sin informar";"";"";"";"";"";"";"";"";"";"";"";"";"";"";"";"";"";"";"";"";"";"";"";"";"";"";"";""
1357179;"FF2_2416671";1786;"4";"43";-60.7055982;-32.9128976;"OLAVARRIA";"1300";"";"Dirección declarada sin informar";"";"";"";"";"";"";"";"";"";"";"";"";"";"";"";"";"";"";"";"";"";"";"";"";"";"";"";""
1356265;"FF2_2415757";1786;"38";"18";-60.7062024;-32.9126981;"GARZON";"";"";"Dirección declarada sin informar";"";"";"";"";"";"";"";"";"";"";"";"";"";"";"";"";"";"";"";"";"";"";"";"";"";"";"";""
1353107;"FF2_2412589";1786;"6";"17";-60.7066187;-32.9108415;"GARZON";"";"";"Dirección declarada sin informar";"";"";"";"";"";"";"";"";"";"";"";"";"";"";"";"";"";"";"";"";"";"";"";"";"";"";"";""
1364192;"FF2_2423710";1786;"3";"20";-60.7056224;-32.9131466;"SHEWSHERS";"";"";"Dirección declarada sin informar";"";"";"";"";"";"";"";"";"";"";"";"";"";"";"";"";"";"";"";"";"";"";"";"";"";"";"";""
1329100;"FF2_2388481";1786;"24";"8";-60.703665;-32.9119831;"SAN JOSE";"";"";"Dirección declarada sin informar";"";"";"";"";"";"";"";"";"";"";"";"";"";"";"";"";"";"";"";"";"";"";"";"";"";"";"";""
1321183;"FF2_2380530";1786;"23";"17";-60.70153;-32.91304833;"SANTA CLARA";"2527";"";"Dirección declarada sin informar";"";"";"";"";"";"";"";"";"";"";"";"";"";"";"";"";"";"";"";"";"";"";"";"";"";"";"";""
1345358;"FF2_2404802";1786;"13";"10";-60.7057532;-32.909196;"PJE SAN CAYETANO";"";"";"";"";"";"";"";"";"";"";"";"";"";"";"";"";"";"";"";"";"";"";"";"";"";"";"";"";"";"";""
1347004;"FF2_2406452";1786;"7";"11";-60.7062129;-32.9100872;"GARZON";"";"";"Dirección declarada sin informar";"";"";"";"";"";"";"";"";"";"";"";"";"";"";"";"";"";"";"";"";"";"";"";"";"";"";"";""
1343368;"FF2_2402803";1786;"41";"14";-60.70377198;-32.91313858;"OLAVARRÍA 1300";"";"";"Dirección declarada sin informar";"";"";"";"";"";"";"";"";"";"";"";"";"";"";"";"";"";"";"";"";"";"";"";"";"";"";"";""
1345951;"FF2_2405398";1786;"13";"8";-60.7056731;-32.909243;"SAN CAYETANO";"";"";"Dirección declarada sin informar";"";"";"";"";"";"";"";"";"";"";"";"";"";"";"";"";"";"";"";"";"";"";"";"";"";"";"";""
1314196;"FF2_2373516";1786;"46";"31";-60.7021805;-32.9112496;"SAN JOSÉ";"";"";"Dirección declarada sin informar";"";"";"";"";"";"";"";"";"";"";"";"";"";"";"";"";"";"";"";"";"";"";"";"";"";"";"";""
1346510;"FF2_2405957";1786;"8";"35";-60.7064782;-32.90951;"GARZON";"1600 BIS";"";"Dirección declarada sin informar";"";"";"";"";"";"";"";"";"";"";"";"";"";"";"";"";"";"";"";"";"";"";"";"";"";"";"";""
1357077;"FF2_2416569";1786;"4";"30";-60.70528167;-32.91259833;"";"";"SAN JOSE";"Dirección declarada sin informar";"";"";"";"";"";"";"";"";"";"";"";"";"";"";"SAN JOSE";"";"";"";"PASAJE 1";"";"";"";"";"";"";"";"";""
1325407;"FF2_2384777";1786;"40";"15";-60.70295167;-32.912865;"CABAL 1307";"";"";"Dirección declarada sin informar";"";"";"";"";"";"";"";"";"";"";"";"";"";"";"";"";"";"";"";"";"";"";"";"";"";"";"";""
689033;"FF2_598114";1786;"7";"6";-32.90980077;-60.70651223;"Garzón 1545 Bis";"";"";"Dirección declarada sin informar";"";"";"";"";"";"";"";"";"";"";"";"";"";"";"";"";"";"";"";"";"";"";"";"";"";"";"";""
1340531;"FF2_2399954";1786;"14";"6";-60.70461315;-32.91289346;"OLAVARRIA";"";"";"Dirección declarada sin informar";"";"";"";"";"";"";"";"";"";"";"";"";"";"";"";"";"";"";"";"";"";"";"";"";"";"";"";""
1314233;"FF2_2373553";1786;"47";"42";-60.70290601;-32.91078303;"CABAL";"";"";"Dirección declarada sin informar";"";"";"";"";"";"";"";"";"";"";"";"";"";"";"";"";"";"";"";"";"";"";"";"";"";"";"";""
1315995;"FF2_2375325";1786;"34";"4";-60.7007295;-32.912112;"OTHONEL";"1300 BIS";"";"Dirección declarada sin informar";"";"";"";"";"";"";"";"";"";"";"";"";"";"";"";"";"";"";"";"";"";"";"";"";"";"";"";""
1347408;"FF2_2406856";1786;"14";"25";-60.70408061;-32.91296116;"MAXIMILIANO COBER";"1200";"";"Dirección declarada sin informar";"";"";"";"";"";"";"";"";"";"";"";"";"";"";"";"";"";"";"";"";"";"";"";"";"";"";"";""
1357665;"FF2_2417157";1786;"4";"27";-60.7053019;-32.9125995;"MAXIMILIANO COLVER";"";"";"Dirección declarada sin informar";"";"";"";"";"";"";"";"";"";"";"";"";"";"";"";"";"";"";"";"";"";"";"";"";"";"";"";""
1343388;"FF2_2402823";1786;"19";"42";-60.70417023;-32.90960375;"OLAVARRIA";"";"";"Dirección declarada sin informar";"";"";"";"";"";"";"";"";"";"";"";"";"";"";"";"";"";"";"";"";"";"";"";"";"";"";"";""
1470113;"FF2_2536551";1786;"25";"9";-60.7027102;-32.9123812;"SAN JOSE";"";"CABAL Y OTTONE";"Dirección declarada sin informar";"";"";"";"";"";"";"";"";"";"";"";"";"";"";"CABAL Y OTTONE";"";"";"";"0";"";"";"";"";"";"";"";"";""
1483536;"FF2_2550708";1786;"21";"30";-60.7065055;-32.9104025;"GARZON 1541 BIS";"";"";"Dirección declarada sin informar";"";"";"";"";"";"";"";"";"";"";"";"";"";"";"";"";"";"";"";"";"";"";"";"";"";"";"";""
678902;"FF2_587980";1786;"34";"48";-32.91208283;-60.70131034;"";"";"";"Dirección declarada sin informar";"";"";"";"";"";"";"";"";"";"";"";"";"";"";"";"";"";"";"";"";"";"";"";"";"";"";"";""
1325802;"FF2_2385172";1786;"42";"63";-60.7032617;-32.9137799;"CABAL";"";"";"Dirección declarada sin informar";"";"";"";"";"";"";"";"";"";"";"";"";"";"";"";"";"";"";"";"";"";"";"";"";"";"";"";""
1341553;"FF2_2400981";1786;"17";"58";-60.70289;-32.91115333;"OLAVARRIA";"1300 BIS";"";"Dirección declarada sin informar";"";"";"";"";"";"";"";"";"";"";"";"";"";"";"";"";"";"";"";"";"";"";"";"";"";"";"";""
7845;"FF2_008643";1786;"1";"27";-32.91417818;-60.70505836;"";"";"";"";"";"";"";"";"";"";"";"";"";"";"";"";"";"";"";"";"";"";"";"";"";"";"";"";"";"";"";""
1326286;"FF2_2385657";1786;"42";"8";-60.7031985;-32.9132076;"CABAL 1200";"";"";"Dirección declarada sin informar";"";"";"";"";"";"";"";"";"";"";"";"";"";"";"";"";"";"";"";"";"";"";"";"";"";"";"";""
1390982;"FF2_2450627";1786;"21";"20";-60.7063814;-32.9126225;"FERRE BALMACEDA 1300 BIS";"";"";"Dirección declarada sin informar";"";"";"";"";"";"";"";"";"";"";"";"";"";"";"";"";"";"";"";"";"";"";"";"";"";"";"";""
1343386;"FF2_2402821";1786;"13";"67";-60.7049243;-32.9095116;"OLVARRIA";"";"";"Dirección declarada sin informar";"";"";"";"";"";"";"";"";"";"";"";"";"";"";"";"";"";"";"";"";"";"";"";"";"";"";"";""
1322252;"FF2_2381608";1786;"34";"18";-60.7011283;-32.9131659;"OTTONE";"";"";"Dirección declarada sin informar";"";"";"";"";"";"";"";"";"";"";"";"";"";"";"";"";"";"";"";"";"";"";"";"";"";"";"";""
1429715;"FF2_2492840";1786;"23";"58";-60.7026791;-32.9134479;"OLIVE";"2584";"";"Dirección declarada sin informar";"";"";"";"";"";"";"";"";"";"";"";"";"";"";"";"";"";"";"";"";"";"";"";"";"";"";"";""
699320;"FF2_608417";1786;"36";"43";-32.91198577;-60.7064762;"1376 Garzon";"";"";"";"";"";"";"";"";"";"";"";"";"";"";"";"";"";"";"";"";"";"";"";"";"";"";"";"";"";"";""
1321481;"FF2_2380832";1786;"26";"1";-60.7022257;-32.912437;"MARIANO CABAL";"";"";"Dirección declarada sin informar";"";"";"";"";"";"";"";"";"";"";"";"";"";"";"";"";"";"";"";"";"";"";"";"";"";"";"";""
1351230;"FF2_2410702";1786;"44";"14";-60.7045137;-32.914003;"OLAVARRIA 1244 BIS";"";"";"Dirección declarada sin informar";"";"";"";"";"";"";"";"";"";"";"";"";"";"";"";"";"";"";"";"";"";"";"";"";"";"";"";""
1353129;"FF2_2412611";1786;"8";"13";-60.7055151;-32.9105355;"GARZON";"";"";"Dirección declarada sin informar";"";"";"";"";"";"";"";"";"";"";"";"";"";"";"";"";"";"";"";"";"";"";"";"";"";"";"";""
1471292;"FF2_2537770";1786;"4";"8";-60.7060778;-32.9096558;"";"1600";"";"Dirección declarada sin informar";"";"";"";"";"";"";"";"";"";"";"";"";"";"";"";"";"";"";"SAN CAYETANO";"";"";"";"";"";"";"";"";""
1390971;"FF2_2450616";1786;"11";"33";-60.7046423;-32.9109766;"OLAVARRIA 1540";"";"";"Dirección declarada sin informar";"";"";"";"";"";"";"";"";"";"";"";"";"";"";"";"";"";"";"";"";"";"";"";"";"";"";"";""
1356230;"FF2_2415722";1786;"35";"21";-60.7055321;-32.9113773;"SAN TANO";"";"";"Dirección declarada sin informar";"";"";"";"";"";"";"";"";"";"";"";"";"";"";"";"";"";"";"";"";"";"";"";"";"";"";"";""
1315517;"FF2_2374845";1786;"34";"64";-60.701571;-32.911966;"OTTONE BIS";"1300";"";"Dirección declarada sin informar";"";"";"";"";"";"";"";"";"";"";"";"";"";"";"";"";"";"";"";"";"";"";"";"";"";"";"";""
1353866;"FF2_2413348";1786;"11";"15";-60.7053381;-32.9108671;"MARIA DE LOS ANGELES";"";"";"Dirección declarada sin informar";"";"";"";"";"";"";"";"";"";"";"";"";"";"";"";"";"";"";"";"";"";"";"";"";"";"";"";""
1315446;"FF2_2374774";1786;"27";"1";-60.70294;-32.91114167;"CABAL";"1422";"";"Dirección declarada sin informar";"";"";"";"";"";"";"";"";"";"";"";"";"";"";"";"";"";"";"";"";"";"";"";"";"";"";"";""
1320451;"FF2_2379795";1786;"23";"15";-60.70192833;-32.91297167;"PJE SANTA CLARA";"";"";"Dirección declarada sin informar";"";"";"";"";"";"";"";"";"";"";"";"";"";"";"";"";"";"";"";"";"";"";"";"";"";"";"";""
1353128;"FF2_2412610";1786;"6";"19";-60.7061342;-32.9105643;"GARZON";"1538 BIS";"";"Dirección declarada sin informar";"";"";"";"";"";"";"";"";"";"";"";"";"";"";"";"";"";"";"";"";"";"";"";"";"";"";"";""
1472657;"FF2_2539193";1786;"33";"80";-60.7040911;-32.9132546;"";"";"";"Dirección declarada sin informar";"";"";"";"";"";"";"";"";"";"";"";"";"";"";"";"";"";"PASILLO 1300";"";"";"";"";"";"";"";"";"";""
1325795;"FF2_2385165";1786;"33";"11";-60.7036949;-32.9126513;"PASAJE 1";"";"";"Dirección declarada sin informar";"";"";"";"";"";"";"";"";"";"";"";"";"";"";"";"";"";"";"";"";"";"";"";"";"";"";"";""
1347414;"FF2_2406862";1786;"14";"25";-60.7047446;-32.9133495;"MAXIMILIANO COLBER";"2600 PASILLO";"";"Dirección declarada sin informar";"";"";"";"";"";"";"";"";"";"";"";"";"";"";"";"";"";"";"";"";"";"";"";"";"";"";"";""
1315996;"FF2_2375326";1786;"34";"16";-60.7013001;-32.9119211;"SAN JOSE Y OTONE";"";"";"Dirección declarada sin informar";"";"";"";"";"";"";"";"";"";"";"";"";"";"";"";"";"";"";"";"";"";"";"";"";"";"";"";""
1346673;"FF2_2406120";1786;"9";"44";-60.7064397;-32.9097472;"GARZON";"";"";"Dirección declarada sin informar";"";"";"";"";"";"";"";"";"";"";"";"";"";"";"";"";"";"";"";"";"";"";"";"";"";"";"";""
1346436;"FF2_2405883";1786;"9";"2";0;0;"GARZON";"";"";"Dirección declarada sin informar";"";"";"";"";"";"";"";"";"";"";"";"";"";"";"";"";"";"";"";"";"";"";"";"";"";"";"";""
1364193;"FF2_2423711";1786;"3";"17";-60.706011;-32.9131034;"SHEWSHERS";"";"";"";"";"";"";"";"";"";"";"";"";"";"";"";"";"";"";"";"";"";"";"";"";"";"";"";"";"";"";""
1326335;"FF2_2385707";1786;"40";"23";-60.7030105;-32.9127577;"CABAL";"";"";"Dirección declarada sin informar";"";"";"";"";"";"";"";"";"";"";"";"";"";"";"";"";"";"";"";"";"";"";"";"";"";"";"";""
1315443;"FF2_2374771";1786;"28";"11";-60.70317;-32.91107833;"CABAL BIS";"1500";"";"Dirección declarada sin informar";"";"";"";"";"";"";"";"";"";"";"";"";"";"";"";"";"";"";"";"";"";"";"";"";"";"";"";""
688954;"FF2_598035";1786;"12";"36";-32.91036119;-60.70509792;"";"";"";"Dirección declarada sin informar";"";"";"";"";"";"";"";"";"";"";"";"";"";"";"";"";"";"";"";"";"";"";"";"";"";"";"";""
1346508;"FF2_2405955";1786;"8";"14";-60.70650667;-32.90931167;"GARZON";"1600 BIS";"";"Dirección declarada sin informar";"";"";"";"";"";"";"";"";"";"";"";"";"";"";"";"";"";"";"";"";"";"";"";"";"";"";"";""
684656;"FF2_593736";1786;"19";"12";-32.90842317;-60.70554729;"Olavarria 1600 Bis";"";"";"CALLE 1482 entre OLAVARRIA BIS y SENDERO";"";"";"";"";"";"";"";"";"";"";"";"";"";"";"";"";"";"";"";"";"";"";"";"";"";"";"";""
681820;"FF2_590899";1786;"47";"17";-32.90985361;-60.70351171;"Cabal 1325 bis";"";"";"Dirección declarada sin informar";"";"";"";"";"";"";"";"";"";"";"";"";"";"";"";"";"";"";"";"";"";"";"";"";"";"";"";""
1344152;"FF2_2403590";1786;"17";"34";-60.70373333;-32.910125;"CEFERINO NAMUNCURA";"1500 BIS";"";"Dirección declarada sin informar";"";"";"";"";"";"";"";"";"";"";"";"";"";"";"";"";"";"";"";"";"";"";"";"";"";"";"";""
1347410;"FF2_2406858";1786;"15";"26";-60.7032271;-32.9119517;"";"";"MARIANO CABAL Y SAN JOSE";"Dirección declarada sin informar";"";"";"";"";"";"";"";"";"";"";"";"";"";"";"MARIANO CABAL Y SAN JOSE";"";"";"";"";"";"";"";"";"";"";"";"";""
1347418;"FF2_2406866";1786;"19";"28";-60.7045598;-32.90913;"OLAVARRIA";"1600";"";"Dirección declarada sin informar";"";"";"";"";"";"";"";"";"";"";"";"";"";"";"";"";"";"";"";"";"";"";"";"";"";"";"";""
1473081;"FF2_2539626";1786;"7";"18";-60.7098677;-32.910417;"SORRENTO";"";"";"";"";"";"";"";"";"";"";"";"";"";"";"";"";"";"";"";"";"";"";"";"";"";"";"";"";"";"";""
690873;"FF2_599955";1786;"23";"21";-32.91292435;-60.70200434;"Pasaje Santa Clara 2501";"";"";"";"";"";"";"";"";"";"";"";"";"";"";"";"";"";"";"";"";"";"";"";"";"";"";"";"";"";"";""
1340532;"FF2_2399955";1786;"38";"3";-60.7041952;-32.9139187;"OLAVARRIA";"";"";"Dirección declarada sin informar";"";"";"";"";"";"";"";"";"";"";"";"";"";"";"";"";"";"";"";"";"";"";"";"";"";"";"";""
1344066;"FF2_2403504";1786;"14";"57";-60.7043956;-32.9132402;"";"";"";"Dirección declarada sin informar";"";"";"";"";"";"";"";"";"";"";"";"";"";"";"";"";"";"";"";"";"";"";"";"";"";"";"";""
1341417;"FF2_2400844";1786;"41";"43";-60.7039683;-32.913429;"OLAVARRÍA";"";"";"Dirección declarada sin informar";"";"";"";"";"";"";"";"";"";"";"";"";"";"";"";"";"";"";"";"";"";"";"";"";"";"";"";""
1483538;"FF2_2550710";1786;"5";"1";-60.7056436;-32.90912;"SAN CARRETANO Y RIO LUDUEÑA";"";"";"Dirección declarada sin informar";"";"";"";"";"";"";"";"";"";"";"";"";"";"";"";"";"";"";"";"";"";"";"";"";"";"";"";""
1357663;"FF2_2417155";1786;"31";"18";-60.7049067;-32.9127489;"MAXIMILIANO COLVER";"";"";"Dirección declarada sin informar";"";"";"";"";"";"";"";"";"";"";"";"";"";"";"";"";"";"";"";"";"";"";"";"";"";"";"";""
1352970;"FF2_2412451";1786;"36";"13";-60.70642333;-32.91242667;"GARZON 1330 BIS";"";"";"";"";"";"";"";"";"";"";"";"";"";"";"";"";"";"";"";"";"";"";"";"";"";"";"";"";"";"";""
1326519;"FF2_2385891";1786;"15";"33";-60.70329833;-32.91221;"SAN JOSE";"";"CABAL";"Dirección declarada sin informar";"";"";"";"";"";"";"";"";"";"";"";"";"";"";"CABAL";"";"";"";"";"";"";"";"";"";"";"";"";""
1325503;"FF2_2384873";1786;"42";"47";-60.7035238;-32.9136335;"MARIANO CABAL";"";"LABARDEN.";"Dirección declarada sin informar";"";"";"";"";"";"";"";"";"";"";"";"";"";"";"LABARDEN.";"";"";"";"";"";"";"";"";"";"";"";"";""
1341424;"FF2_2400851";1786;"17";"79";-60.7042519;-32.9106263;"CABAL 1400";"";"";"Dirección declarada sin informar";"";"";"";"";"";"";"";"";"";"";"";"";"";"";"";"";"";"";"";"";"";"";"";"";"";"";"";""
681748;"FF2_590827";1786;"14";"48";-32.91050986;-60.70378903;"";"";"";"";"";"";"";"";"";"";"";"";"";"";"";"";"";"";"";"";"";"";"";"";"";"";"";"";"";"";"";""
699325;"FF2_608422";1786;"37";"33";-32.91166289;-60.70607692;"Garzon 1380 Bis";"";"";"";"";"";"";"";"";"";"";"";"";"";"";"";"";"";"";"";"";"";"";"";"";"";"";"";"";"";"";""
1344027;"FF2_2403465";1786;"10";"13";-60.7046145;-32.9102666;"OLAVARRIA";"";"";"Dirección declarada sin informar";"";"";"";"";"";"";"";"";"";"";"";"";"";"";"";"";"";"";"";"";"";"";"";"";"";"";"";""
691302;"FF2_600384";1786;"23";"8";-32.91291007;-60.70212194;"Psj Santa Clara Sin Numero";"";"";"";"";"";"";"";"";"";"";"";"";"";"";"";"";"";"";"";"";"";"";"";"";"";"";"";"";"";"";""
1390962;"FF2_2450605";1786;"33";"24";-60.7031704;-32.9132706;"MARIANO CABAL 1289 BIS";"";"";"Dirección declarada sin informar";"";"";"";"";"";"";"";"";"";"";"";"";"";"";"";"";"";"";"";"";"";"";"";"";"";"";"";""
1327242;"FF2_2386616";1786;"24";"2";-60.7043686;-32.9120153;"SAN JOSE";"";"";"Dirección declarada sin informar";"";"";"";"";"";"";"";"";"";"";"";"";"";"";"";"";"";"";"";"";"";"";"";"";"";"";"";""
1346498;"FF2_2405945";1786;"12";"24";-60.704775;-32.910025;"M DE ESTRADA";"";"";"Dirección declarada sin informar";"";"";"";"";"";"";"";"";"";"";"";"";"";"";"";"";"";"";"";"";"";"";"";"";"";"";"";""
1344069;"FF2_2403507";1786;"17";"123";-60.7045089;-32.9108153;"SANTA MARIA DE LOS ANGELES";"";"";"Dirección declarada sin informar";"";"";"";"";"";"";"";"";"";"";"";"";"";"";"";"";"";"";"";"";"";"";"";"";"";"";"";""
684651;"FF2_593731";1786;"13";"29";-32.90887771;-60.7054402;"Olavarria Pasillo";"";"";"";"";"";"";"";"";"";"";"";"";"";"";"";"";"";"";"";"";"";"";"";"";"";"";"";"";"";"";""
1390993;"FF2_2450638";1786;"6";"29";-60.705461;-32.9102966;"OLAVARRIA 1600 BIS";"";"";"Dirección declarada sin informar";"";"";"";"";"";"";"";"";"";"";"";"";"";"";"";"";"";"";"";"";"";"";"";"";"";"";"";""
1347402;"FF2_2406850";1786;"42";"7";-60.70335737;-32.91319747;"MARIANO CABAL";"1297 BIS";"";"Dirección declarada sin informar";"";"";"";"";"";"";"";"";"";"";"";"";"";"";"";"";"";"";"";"";"";"";"";"";"";"";"";""
1352001;"FF2_2411478";1786;"38";"45";-60.7062155;-32.9125104;"GARZÓN";"1324BIS";"";"Dirección declarada sin informar";"";"";"";"";"";"";"";"";"";"";"";"";"";"";"";"";"";"";"";"";"";"";"";"";"";"";"";""
681816;"FF2_590895";1786;"47";"40";-32.91045975;-60.703119;"Pasaje Namuncura y cabal";"";"";"CABAL BIS entre SIN NOMBRE y MARTÍNEZ ESTRADA";"";"";"";"";"";"";"";"";"";"";"";"";"";"";"";"";"";"";"";"";"";"";"";"";"";"";"";""
1325410;"FF2_2384780";1786;"40";"16";-60.7035309;-32.9127003;"PASAJE 1";"";"";"Dirección declarada sin informar";"";"";"";"";"";"";"";"";"";"";"";"";"";"";"";"";"";"";"";"";"";"";"";"";"";"";"";""
1327248;"FF2_2386622";1786;"15";"9";-60.7045067;-32.9120566;"OLAVARRIA";"";"";"Dirección declarada sin informar";"";"";"";"";"";"";"";"";"";"";"";"";"";"";"";"";"";"";"";"";"";"";"";"";"";"";"";""
1353093;"FF2_2412575";1786;"36";"3";-60.7064527;-32.9118709;"GARZON";"";"";"Dirección declarada sin informar";"";"";"";"";"";"";"";"";"";"";"";"";"";"";"";"";"";"";"";"";"";"";"";"";"";"";"";""
684419;"FF2_593499";1786;"18";"34";-32.91001023;-60.70420823;"";"";"";"CALLE 1482 BIS entre CABAL BIS y OLAVARRÍA BIS";"";"";"";"";"";"";"";"";"";"";"";"";"";"";"";"";"";"";"";"";"";"";"";"";"";"";"";""
1352115;"FF2_2411593";1786;"36";"19";-60.7060191;-32.9122638;"GARZON";"";"";"Dirección declarada sin informar";"";"";"";"";"";"";"";"";"";"";"";"";"";"";"";"";"";"";"";"";"";"";"";"";"";"";"";""
678897;"FF2_587975";1786;"32";"38";-32.91278191;-60.70064712;"";"";"";"SCHWEITZER entre LOTE y OTTONE BIS";"";"";"";"";"";"";"";"";"";"";"";"";"";"";"";"";"";"";"";"";"";"";"";"";"";"";"";""
1346448;"FF2_2405895";1786;"8";"3";-60.7064698;-32.9097535;"GARZON";"";"";"Dirección declarada sin informar";"";"";"";"";"";"";"";"";"";"";"";"";"";"";"";"";"";"";"";"";"";"";"";"";"";"";"";""
690972;"FF2_600054";1786;"11";"3";-32.91160018;-60.7053296;"San Cayetano 1538";"";"";"";"";"";"";"";"";"";"";"";"";"";"";"";"";"";"";"";"";"";"";"";"";"";"";"";"";"";"";""
1321186;"FF2_2380533";1786;"23";"2";-60.7028782;-32.913081;"MARIANO CABAL";"1298 BIS";"";"Dirección declarada sin informar";"";"";"";"";"";"";"";"";"";"";"";"";"";"";"";"";"";"";"";"";"";"";"";"";"";"";"";""
1322258;"FF2_2381614";1786;"23";"3";-60.70297579;-32.9127773;"CABAL 1200";"";"";"Dirección declarada sin informar";"";"";"";"";"";"";"";"";"";"";"";"";"";"";"";"";"";"";"";"";"";"";"";"";"";"";"";""
684775;"FF2_593855";1786;"15";"18";-32.91190536;-60.70381135;"San Jose 1700";"";"";"";"";"";"";"";"";"";"";"";"";"";"";"";"";"";"";"";"";"";"";"";"";"";"";"";"";"";"";""
1360998;"FF2_2420507";1786;"31";"28";-60.7065531;-32.9131233;"GARZON 1310 BIS";"";"";"Dirección declarada sin informar";"";"";"";"";"";"";"";"";"";"";"";"";"";"";"";"";"";"";"";"";"";"";"";"";"";"";"";""
1470341;"FF2_2536787";1786;"27";"16";-60.7025638;-32.9107811;"CABAL";"";"";"Dirección declarada sin informar";"";"";"";"";"";"";"";"";"";"";"";"";"";"";"";"";"";"";"";"";"";"";"";"";"";"";"";""
1316027;"FF2_2375358";1786;"20";"2";-60.70272635;-32.91144143;"CABAL";"";"";"Dirección declarada sin informar";"";"";"";"";"";"";"";"";"";"";"";"";"";"";"";"";"";"";"";"";"";"";"";"";"";"";"";""
1321176;"FF2_2380523";1786;"33";"22";-60.70066333;-32.91274167;"OTTONE";"1301";"";"Dirección declarada sin informar";"";"";"";"";"";"";"";"";"";"";"";"";"";"";"";"";"";"";"";"";"";"";"";"";"";"";"";""
1352102;"FF2_2411580";1786;"12";"70";-60.7047796;-32.9110475;"OLAVARRIA";"";"";"Dirección declarada sin informar";"";"";"";"";"";"";"";"";"";"";"";"";"";"";"";"";"";"";"";"";"";"";"";"";"";"";"";""
690751;"FF2_599833";1786;"5";"176";-32.91228381;-60.70586775;"";"";"";"";"";"";"";"";"";"";"";"";"";"";"";"";"";"";"";"";"";"";"";"";"";"";"";"";"";"";"";""
1341414;"FF2_2400841";1786;"44";"3";-60.7043779;-32.9137753;"OLAVARRÍA";"";"";"Dirección declarada sin informar";"";"";"";"";"";"";"";"";"";"";"";"";"";"";"";"";"";"";"";"";"";"";"";"";"";"";"";""
1353105;"FF2_2412587";1786;"6";"37";-60.7065564;-32.910913;"GARZON";"";"";"";"";"";"";"";"";"";"";"";"";"";"";"";"";"";"";"";"";"";"";"";"";"";"";"";"";"";"";""
1364179;"FF2_2423697";1786;"3";"35";-60.705049;-32.912843;"SUESE";"";"";"Dirección declarada sin informar";"";"";"";"";"";"";"";"";"";"";"";"";"";"";"";"";"";"";"";"";"";"";"";"";"";"";"";""
1416750;"FF2_2476815";1786;"18";"4";-60.7047072;-32.909355;"OLVARRIA 1600 BIS";"";"";"Dirección declarada sin informar";"";"";"";"";"";"";"";"";"";"";"";"";"";"";"";"";"";"";"";"";"";"";"";"";"";"";"";""
690868;"FF2_599950";1786;"23";"6";-32.91294651;-60.70234783;"Cabal 1300 Pasaje Santa Clara 4 casa";"";"";"SCHWEITZER entre CABAL BIS y VIRGINIO OTTONE BIS";"";"";"";"";"";"";"";"";"";"";"";"";"";"";"";"";"";"";"";"";"";"";"";"";"";"";"";""
1353081;"FF2_2412563";1786;"11";"3";-60.7054264;-32.9113689;"SAN TANO";"";"";"Dirección declarada sin informar";"";"";"";"";"";"";"";"";"";"";"";"";"";"";"";"";"";"";"";"";"";"";"";"";"";"";"";""
1315946;"FF2_2375276";1786;"34";"86";-60.702577;-32.9121042;"OTTONE";"1400";"SAN JOSE";"Dirección declarada sin informar";"";"";"";"";"";"";"";"";"";"";"";"";"";"";"";"";"";"";"";"";"";"";"";"";"";"";"";""
1346520;"FF2_2405967";1786;"8";"85";-60.7059035;-32.9100223;"C NAMUNCURA";"2752";"";"Dirección declarada sin informar";"";"";"";"";"";"";"";"";"";"";"";"";"";"";"";"";"";"";"";"";"";"";"";"";"";"";"";""
7859;"FF2_008657";1786;"1";"61";-32.91458765;-60.70505938;"Juan B Justo 6020";"";"";"";"";"";"";"";"";"";"";"";"";"";"";"";"";"";"";"";"";"";"";"";"";"";"";"";"";"";"";""
1356462;"FF2_2415954";1786;"45";"1";-60.7054531;-32.91205096;"SAN TANO";"";"";"Dirección declarada sin informar";"";"";"";"";"";"";"";"";"";"";"";"";"";"";"";"";"";"";"";"";"";"";"";"";"";"";"";""
1357074;"FF2_2416566";1786;"31";"13";-60.705135;-32.91268667;"SAN CAYETANO";"";"SAN JOS2";"Dirección declarada sin informar";"";"";"";"";"";"";"";"";"";"";"";"";"";"";"SAN JOS2";"";"";"";"";"";"";"";"";"";"";"";"";""
1390983;"FF2_2450628";1786;"6";"5";-60.709225;-32.91359;"GARZON 1408 BIS";"";"";"Dirección declarada sin informar";"";"";"";"";"";"";"";"";"";"";"";"";"";"";"";"";"";"";"";"";"";"";"";"";"";"";"";""
1322262;"FF2_2381618";1786;"25";"73";-60.70291578;-32.91223322;"CABAL 1300";"";"";"Dirección declarada sin informar";"";"";"";"";"";"";"";"";"";"";"";"";"";"";"";"";"";"";"";"";"";"";"";"";"";"";"";""
1431844;"FF2_2495284";1786;"31";"1";-60.70053;-32.9128105;"OTONE";"2400";"";"Dirección declarada sin informar";"";"";"";"";"";"";"";"";"";"";"";"";"";"";"";"";"";"";"";"";"";"";"";"";"";"";"";""
1364177;"FF2_2423695";1786;"6";"42";-60.6477336;-32.9671178;"";"";"SAN JOSE Y SAN CALLETANO";"Dirección declarada sin informar";"";"";"";"";"";"";"";"";"";"";"";"";"";"";"SAN JOSE Y SAN CALLETANO";"";"";"";"";"";"";"";"";"";"";"";"";""
1346660;"FF2_2406107";1786;"13";"23";-60.7054404;-32.9086206;"OLAVARRIA";"";"";"Dirección declarada sin informar";"";"";"";"";"";"";"";"";"";"";"";"";"";"";"";"";"";"";"";"";"";"";"";"";"";"";"";""
1345948;"FF2_2405395";1786;"8";"58";-60.7059073;-32.9097067;"SAN CAYETANO";"";"";"Dirección declarada sin informar";"";"";"";"";"";"";"";"";"";"";"";"";"";"";"";"";"";"";"";"";"";"";"";"";"";"";"";""
1346662;"FF2_2406109";1786;"9";"4";-60.7050317;-32.9101653;"OLAVARRIA";"";"";"Dirección declarada sin informar";"";"";"";"";"";"";"";"";"";"";"";"";"";"";"";"";"";"";"";"";"";"";"";"";"";"";"";""
1344081;"FF2_2403519";1786;"6";"12";-60.7040296;-32.9099779;"CABAL";"";"";"Dirección declarada sin informar";"";"";"";"";"";"";"";"";"";"";"";"";"";"";"";"";"";"";"";"";"";"";"";"";"";"";"";""
1343369;"FF2_2402804";1786;"14";"62";-60.7040879;-32.91319239;"OLAVARRÍA";"";"";"Dirección declarada sin informar";"";"";"";"";"";"";"";"";"";"";"";"";"";"";"";"";"";"";"";"";"";"";"";"";"";"";"";""
7839;"FF2_008637";1786;"1";"19";-32.91414142;-60.70557876;"Guaycuru 2755";"";"";"";"";"";"";"";"";"";"";"";"";"";"";"";"";"";"";"";"";"";"";"";"";"";"";"";"";"";"";""
1346694;"FF2_2406141";1786;"17";"17";-60.7036086;-32.9109275;"MARIA DE LOS ANGELES";"";"";"Dirección declarada sin informar";"";"";"";"";"";"";"";"";"";"";"";"";"";"";"";"";"";"";"";"";"";"";"";"";"";"";"";""
678972;"FF2_588050";1786;"34";"60";-32.912185;-60.70132;"Emilio ottone 13001";"";"";"Dirección declarada sin informar";"";"";"";"";"";"";"";"";"";"";"";"";"";"";"";"";"";"";"";"";"";"";"";"";"";"";"";""
681796;"FF2_590875";1786;"17";"41";-32.90947228;-60.70413035;"";"";"";"";"";"";"";"";"";"";"";"";"";"";"";"";"";"";"";"";"";"";"";"";"";"";"";"";"";"";"";""
1315945;"FF2_2375275";1786;"27";"19";-60.7021782;-32.9111995;"SAN FRANCISCO";"";"SAN JOSÉ";"Dirección declarada sin informar";"";"";"";"";"";"";"";"";"";"";"";"";"";"";"";"";"";"PASILLO";"";"";"";"";"";"";"";"";"";""
1347102;"FF2_2406550";1786;"7";"21";-60.70565;-32.91018667;"MARTINE ESTRADA";"";"";"Dirección declarada sin informar";"";"";"";"";"";"";"";"";"";"";"";"";"";"";"";"";"";"";"";"";"";"";"";"";"";"";"";""
1433507;"FF2_2497200";1786;"32";"15";-60.7008504;-32.9125386;"SAN JOSE";"";"";"Dirección declarada sin informar";"";"";"";"";"";"";"";"";"";"";"";"";"";"";"";"";"";"";"";"";"";"";"";"";"";"";"";""
1320875;"FF2_2380222";1786;"25";"25";-60.7025463;-32.9126242;"MARIANO CABAL";"";"";"Dirección declarada sin informar";"";"";"";"";"";"";"";"";"";"";"";"";"";"";"";"";"";"";"";"";"";"";"";"";"";"";"";""
1347103;"FF2_2406551";1786;"8";"22";-60.70562167;-32.90919167;"SAN CAYETANO";"";"";"Dirección declarada sin informar";"";"";"";"";"";"";"";"";"";"";"";"";"";"";"";"";"";"";"";"";"";"";"";"";"";"";"";""
1352003;"FF2_2411480";1786;"11";"9";-60.7053866;-32.9109853;"";"1500 BIS";"SAN CAYETANO Y MARIA DE LOS ANGELES";"Dirección declarada sin informar";"";"";"";"";"";"";"";"";"";"";"";"";"";"";"SAN CAYETANO Y MARIA DE LOS ANGELES";"";"";"";"";"";"";"";"";"";"";"";"";""
1345114;"FF2_2404558";1786;"9";"22";-60.70584563;-32.90911335;"SAN TANO";"";"";"Dirección declarada sin informar";"";"";"";"";"";"";"";"";"";"";"";"";"";"";"";"";"";"";"";"";"";"";"";"";"";"";"";""
1390984;"FF2_2450629";1786;"36";"2";-60.70649333;-32.911805;"GARZON 1300 BIS";"";"";"Dirección declarada sin informar";"";"";"";"";"";"";"";"";"";"";"";"";"";"";"";"";"";"";"";"";"";"";"";"";"";"";"";""
1352010;"FF2_2411487";1786;"38";"13";-60.7059008;-32.9123464;"GARZON";"1300BIS";"";"Dirección declarada sin informar";"";"";"";"";"";"";"";"";"";"";"";"";"";"";"";"";"";"";"";"";"";"";"";"";"";"";"";""
690980;"FF2_600062";1786;"15";"118";-32.91233376;-60.70437548;"Maximiliano Colbert 2682";"";"";"Dirección declarada sin informar";"";"";"";"";"";"";"";"";"";"";"";"";"";"";"";"";"";"";"";"";"";"";"";"";"";"";"";""
1316051;"FF2_2375382";1786;"34";"79";-60.7011466;-32.9122027;"OTTONE";"";"";"Dirección declarada sin informar";"";"";"";"";"";"";"";"";"";"";"";"";"";"";"";"";"";"";"";"";"";"";"";"";"";"";"";""
1315994;"FF2_2375324";1786;"27";"37";-60.7027101;-32.9114265;"CABAL";"1415";"";"Dirección declarada sin informar";"";"";"";"";"";"";"";"";"";"";"";"";"";"";"";"";"";"";"";"";"";"";"";"";"";"";"";""
1353853;"FF2_2413335";1786;"6";"2";-60.7066408;-32.9115992;"GARZON";"";"";"Dirección declarada sin informar";"";"";"";"";"";"";"";"";"";"";"";"";"";"";"";"";"";"";"";"";"";"";"";"";"";"";"";""
1357675;"FF2_2417167";1786;"3";"31";-60.7050529;-32.9128451;"OLAVARRIA";"";"";"Dirección declarada sin informar";"";"";"";"";"";"";"";"";"";"";"";"";"";"";"";"";"";"";"";"";"";"";"";"";"";"";"";""
1346612;"FF2_2406059";1786;"17";"17";-60.7039024;-32.9108218;"MARIA DE LOS ANGELES";"";"";"Dirección declarada sin informar";"";"";"";"";"";"";"";"";"";"";"";"";"";"";"";"";"";"";"";"";"";"";"";"";"";"";"";""
1345946;"FF2_2405393";1786;"12";"88";-60.7053349;-32.9099764;"MARTIN DE ESTRADA";"";"";"Dirección declarada sin informar";"";"";"";"";"";"";"";"";"";"";"";"";"";"";"";"";"";"";"";"";"";"";"";"";"";"";"";""
1353127;"FF2_2412609";1786;"6";"15";-60.7065167;-32.910752;"GARZON";"1418 BIS";"";"Dirección declarada sin informar";"";"";"";"";"";"";"";"";"";"";"";"";"";"";"";"";"";"";"";"";"";"";"";"";"";"";"";""
1352111;"FF2_2411589";1786;"38";"17";-60.7061344;-32.91283328;"GARZON";"";"";"Dirección declarada sin informar";"";"";"";"";"";"";"";"";"";"";"";"";"";"";"";"";"";"";"";"";"";"";"";"";"";"";"";""
1358657;"FF2_2418151";1786;"5";"162";-60.7057534;-32.9118429;"OLAVARRIA";"";"";"Dirección declarada sin informar";"";"";"";"";"";"";"";"";"";"";"";"";"";"";"";"";"";"";"";"";"";"";"";"";"";"";"";""
441680;"FF2_349766";1786;"5";"3";-32.953814258;-60.651537936;"";"";"";"";"";"";"";"";"";"";"";"";"";"";"";"";"";"";"";"";"";"";"";"";"";"";"";"";"";"";"";""
1314198;"FF2_2373518";1786;"27";"28";-60.7022428;-32.9110493;"";"";"";"Dirección declarada sin informar";"";"";"";"";"";"";"";"";"";"";"";"";"";"";"";"";"";"";"SAN JOSÉ";"";"";"";"";"";"";"";"";""
690983;"FF2_600065";1786;"15";"106";-32.91223482;-60.70428961;"Maximiliano Colbert 2684";"";"";"";"";"";"";"";"";"";"";"";"";"";"";"";"";"";"";"";"";"";"";"";"";"";"";"";"";"";"";""
1351997;"FF2_2411474";1786;"38";"44";-60.7063938;-32.9126188;"GARZON";"1324BIS";"";"Dirección declarada sin informar";"";"";"";"";"";"";"";"";"";"";"";"";"";"";"";"";"";"";"";"";"";"";"";"";"";"";"";""
1320456;"FF2_2379800";1786;"23";"1";-60.7029483;-32.9129971;"MARIANO CABAL";"";"";"Dirección declarada sin informar";"";"";"";"";"";"";"";"";"";"";"";"";"";"";"";"";"";"";"";"";"";"";"";"";"";"";"";""
1345950;"FF2_2405397";1786;"8";"54";-60.7058508;-32.9093753;"SAN CAYETANO";"";"";"Dirección declarada sin informar";"";"";"";"";"";"";"";"";"";"";"";"";"";"";"";"";"";"";"";"";"";"";"";"";"";"";"";""
1315445;"FF2_2374773";1786;"46";"5";-60.7024378;-32.9108213;"MARIANO CABAL BIS";"1400";"";"Dirección declarada sin informar";"";"";"";"";"";"";"";"";"";"";"";"";"";"";"";"";"";"";"";"";"";"";"";"";"";"";"";""
1356272;"FF2_2415764";1786;"17";"1";-60.70540382;-32.91092489;"MARIA DE LOS ANGELES";"";"";"Dirección declarada sin informar";"";"";"";"";"";"";"";"";"";"";"";"";"";"";"";"";"";"";"";"";"";"";"";"";"";"";"";""
1360994;"FF2_2420503";1786;"3";"32";-60.70540177;-32.91259504;"OLAVARRIA";"";"";"Dirección declarada sin informar";"";"";"";"";"";"";"";"";"";"";"";"";"";"";"";"";"";"";"";"";"";"";"";"";"";"";"";""
691097;"FF2_600179";1786;"11";"40";-32.91106667;-60.70500667;"Olavarria 1530 Bis";"";"";"";"";"";"";"";"";"";"";"";"";"";"";"";"";"";"";"";"";"";"";"";"";"";"";"";"";"";"";""
1352307;"FF2_2411786";1786;"11";"14";-60.7047566;-32.9107842;"MARIA DE LOS ANGELES";"";"";"Dirección declarada sin informar";"";"";"";"";"";"";"";"";"";"";"";"";"";"";"";"";"";"";"";"";"";"";"";"";"";"";"";""
1471289;"FF2_2537767";1786;"5";"23";-60.705634;-32.9092342;"";"1624";"";"Dirección declarada sin informar";"";"";"";"";"";"";"";"";"";"";"";"";"";"";"";"";"";"";"SAN CAYETANO";"";"";"";"";"";"";"";"";""
1344000;"FF2_2403438";1786;"47";"27";-60.7033784;-32.9103005;"";"";"";"";"";"";"";"";"";"";"";"";"";"";"";"";"";"";"";"";"";"";"NAMULCURAL";"";"";"";"";"";"";"";"";""
681789;"FF2_590868";1786;"17";"30";-32.91020445;-60.70355006;"";"";"";"CABAL BIS entre SIN NOMBRE y MARTÍNEZ ESTRADA";"";"";"";"";"";"";"";"";"";"";"";"";"";"";"";"";"";"";"";"";"";"";"";"";"";"";"";""
1346507;"FF2_2405954";1786;"13";"9";-60.70585167;-32.90936833;"SAN CAYETANO";"1660 BIS";"";"Dirección declarada sin informar";"";"";"";"";"";"";"";"";"";"";"";"";"";"";"";"";"";"";"";"";"";"";"";"";"";"";"";""
684696;"FF2_593776";1786;"15";"78";-32.91211041;-60.70375318;"San José 1500";"";"";"";"";"";"";"";"";"";"";"";"";"";"";"";"";"";"";"";"";"";"";"";"";"";"";"";"";"";"";""
1321177;"FF2_2380524";1786;"31";"6";-60.7006285;-32.9129158;"OTTONE";"1306 BIS";"";"Dirección declarada sin informar";"";"";"";"";"";"";"";"";"";"";"";"";"";"";"";"";"";"";"";"";"";"";"";"";"";"";"";""
1351236;"FF2_2410708";1786;"15";"2";-60.7038968;-32.9106035;"MARIA DE LOS ANGELES 1584";"";"";"Dirección declarada sin informar";"";"";"";"";"";"";"";"";"";"";"";"";"";"";"";"";"";"";"";"";"";"";"";"";"";"";"";""
1321187;"FF2_2380534";1786;"25";"9";-60.7024333;-32.9126888;"CABAL";"1305 BIS";"";"Dirección declarada sin informar";"";"";"";"";"";"";"";"";"";"";"";"";"";"";"";"";"";"";"";"";"";"";"";"";"";"";"";""
1320449;"FF2_2379793";1786;"23";"18";-60.7015995;-32.9129587;"SANTA CLARA";"";"";"Dirección declarada sin informar";"";"";"";"";"";"";"";"";"";"";"";"";"";"";"";"";"";"";"";"";"";"";"";"";"";"";"";""
1433517;"FF2_2497210";1786;"15";"4";-60.7029411;-32.9114841;"PASAJE MARIA DE LOS ANGELES";"";"";"Dirección declarada sin informar";"";"";"";"";"";"";"";"";"";"";"";"";"";"";"";"";"";"";"";"";"";"";"";"";"";"";"";""
1352107;"FF2_2411585";1786;"22";"29";-60.7057699;-32.9116869;"SAN CAYETANO";"";"";"Dirección declarada sin informar";"";"";"";"";"";"";"";"";"";"";"";"";"";"";"";"";"";"";"";"";"";"";"";"";"";"";"";""
1364178;"FF2_2423696";1786;"39";"37";-60.7052759;-32.912615;"PASAJE 1";"";"";"Dirección declarada sin informar";"";"";"";"";"";"";"";"";"";"";"";"";"";"";"";"";"";"";"";"";"";"";"";"";"";"";"";""
1353101;"FF2_2412583";1786;"17";"4";-60.7050714;-32.9109848;"MARIA GONZALES";"";"";"Dirección declarada sin informar";"";"";"";"";"";"";"";"";"";"";"";"";"";"";"";"";"";"";"";"";"";"";"";"";"";"";"";""
1343384;"FF2_2402819";1786;"20";"54";-60.70483511;-32.90966138;"OLAVARRÍA";"";"";"Dirección declarada sin informar";"";"";"";"";"";"";"";"";"";"";"";"";"";"";"";"";"";"";"";"";"";"";"";"";"";"";"";""
1362011;"FF2_2421523";1786;"3";"20";-60.7054692;-32.913185;"SUEICER";"";"";"Dirección declarada sin informar";"";"";"";"";"";"";"";"";"";"";"";"";"";"";"";"";"";"";"";"";"";"";"";"";"";"";"";""
1316032;"FF2_2375363";1786;"33";"12";-60.70092692;-32.91235338;"OTTONE";"";"";"Dirección declarada sin informar";"";"";"";"";"";"";"";"";"";"";"";"";"";"";"";"";"";"";"";"";"";"";"";"";"";"";"";""
689584;"FF2_598665";1786;"17";"4";-32.91048531;-60.70467128;"Olavarria 1502 Bis";"";"";"";"";"";"";"";"";"";"";"";"";"";"";"";"";"";"";"";"";"";"";"";"";"";"";"";"";"";"";""
1347323;"FF2_2406771";1786;"7";"8";-60.7061314;-32.9101589;"MARTIN DE ESTRADA";"";"";"Dirección declarada sin informar";"";"";"";"";"";"";"";"";"";"";"";"";"";"";"";"";"";"";"";"";"";"";"";"";"";"";"";""
1344599;"FF2_2404041";1786;"13";"37";-60.7052886;-32.9088908;"OLAVARRIA";"";"";"Dirección declarada sin informar";"";"";"";"";"";"";"";"";"";"";"";"";"";"";"";"";"";"";"";"";"";"";"";"";"";"";"";""
1341422;"FF2_2400849";1786;"17";"1";-60.7047765;-32.9134888;"OLAVARRÍA";"";"";"Dirección declarada sin informar";"";"";"";"";"";"";"";"";"";"";"";"";"";"";"";"";"";"";"";"";"";"";"";"";"";"";"";""
1346627;"FF2_2406074";1786;"14";"59";-60.7041706;-32.9131967;"";"";"";"Dirección declarada sin informar";"";"";"";"";"";"";"";"";"";"";"";"";"";"";"";"";"";"";"";"";"";"";"";"";"";"";"";""
678901;"FF2_587979";1786;"34";"71";-32.91211198;-60.70122595;"";"";"";"LOTE y SCHWEITZER";"";"";"";"";"";"";"";"";"";"";"";"";"";"";"";"";"";"";"";"";"";"";"";"";"";"";"";""
1326292;"FF2_2385663";1786;"25";"7";-60.7025768;-32.9124593;"OTHONE";"";"";"Dirección declarada sin informar";"";"";"";"";"";"";"";"";"";"";"";"";"";"";"";"";"";"";"";"";"";"";"";"";"";"";"";""
1341420;"FF2_2400847";1786;"41";"3";-60.7015133;-32.9144233;"OLAVARRÍA";"";"";"Dirección declarada sin informar";"";"";"";"";"";"";"";"";"";"";"";"";"";"";"";"";"";"";"";"";"";"";"";"";"";"";"";""
7849;"FF2_008647";1786;"1";"45";-32.91438329;-60.70468148;"Olavarría 1215 Bis";"";"";"";"";"";"";"";"";"";"";"";"";"";"";"";"";"";"";"";"";"";"";"";"";"";"";"";"";"";"";""
1321478;"FF2_2380829";1786;"25";"50";-60.7030125;-32.9128001;"MARIANO CABAL";"";"";"Dirección declarada sin informar";"";"";"";"";"";"";"";"";"";"";"";"";"";"";"";"";"";"";"";"";"";"";"";"";"";"";"";""
1343374;"FF2_2402809";1786;"17";"96";-60.7041558;-32.9104517;"DE LOS ANGELES";"";"";"Dirección declarada sin informar";"";"";"";"";"";"";"";"";"";"";"";"";"";"";"";"";"";"";"";"";"";"";"";"";"";"";"";""
1364175;"FF2_2423693";1786;"45";"28";-60.7048324;-32.9123188;"OLAVARRIA";"";"";"Dirección declarada sin informar";"";"";"";"";"";"";"";"";"";"";"";"";"";"";"";"";"";"";"";"";"";"";"";"";"";"";"";""
1359718;"FF2_2419222";1786;"14";"3";-60.70471667;-32.91538;"SAN CAYETANO";"";"";"Dirección declarada sin informar";"";"";"";"";"";"";"";"";"";"";"";"";"";"";"";"";"";"";"";"";"";"";"";"";"";"";"";""
1351253;"FF2_2410725";1786;"8";"29";-60.7060346;-32.9092984;"GARZON 1600 BIS";"";"";"Dirección declarada sin informar";"";"";"";"";"";"";"";"";"";"";"";"";"";"";"";"";"";"";"";"";"";"";"";"";"";"";"";""
1351258;"FF2_2410730";1786;"7";"18";-60.7055087;-32.9103278;"GARZON 1515BIS";"";"";"Dirección declarada sin informar";"";"";"";"";"";"";"";"";"";"";"";"";"";"";"";"";"";"";"";"";"";"";"";"";"";"";"";""
1343345;"FF2_2402780";1786;"47";"5";-60.70364333;-32.90989333;"OLAVARRIA";"";"";"Dirección declarada sin informar";"";"";"";"";"";"";"";"";"";"";"";"";"";"";"";"";"";"";"";"";"";"";"";"";"";"";"";""
1356238;"FF2_2415730";1786;"5";"175";-60.70597789;-32.9125496;"OLAVARRIA";"";"";"Dirección declarada sin informar";"";"";"";"";"";"";"";"";"";"";"";"";"";"";"";"";"";"";"";"";"";"";"";"";"";"";"";""
684658;"FF2_593738";1786;"15";"17";-32.91208079;-60.70402348;"Cabal 1389";"";"";"Dirección declarada sin informar";"";"";"";"";"";"";"";"";"";"";"";"";"";"";"";"";"";"";"";"";"";"";"";"";"";"";"";""
1314238;"FF2_2373558";1786;"26";"4";-60.7029949;-32.9114156;"CABAL";"";"";"Dirección declarada sin informar";"";"";"";"";"";"";"";"";"";"";"";"";"";"";"";"";"";"";"";"";"";"";"";"";"";"";"";""
681791;"FF2_590870";1786;"17";"30";-32.91025779;-60.70348788;"";"";"";"CABAL BIS entre SIN NOMBRE y MARTÍNEZ ESTRADA";"";"";"";"";"";"";"";"";"";"";"";"";"";"";"";"";"";"";"";"";"";"";"";"";"";"";"";""
681760;"FF2_590839";1786;"17";"87";-32.91046334;-60.70385697;"";"";"";"";"";"";"";"";"";"";"";"";"";"";"";"";"";"";"";"";"";"";"";"";"";"";"";"";"";"";"";""
1326762;"FF2_2386134";1786;"15";"45";-60.70295144;-32.91220003;"CABAL";"";"";"Dirección declarada sin informar";"";"";"";"";"";"";"";"";"";"";"";"";"";"";"";"";"";"";"";"";"";"";"";"";"";"";"";""
1326760;"FF2_2386132";1786;"15";"27";-60.70301841;-32.91196663;"CABAL";"";"";"Dirección declarada sin informar";"";"";"";"";"";"";"";"";"";"";"";"";"";"";"";"";"";"";"";"";"";"";"";"";"";"";"";""
1326318;"FF2_2385690";1786;"40";"61";-60.70316511;-32.91317567;"CABAL";"";"";"Dirección declarada sin informar";"";"";"";"";"";"";"";"";"";"";"";"";"";"";"";"";"";"";"";"";"";"";"";"";"";"";"";""
691106;"FF2_600188";1786;"15";"54";-32.91252;-60.70295333;"Cabal 1323";"";"";"";"";"";"";"";"";"";"";"";"";"";"";"";"";"";"";"";"";"";"";"";"";"";"";"";"";"";"";""
1353393;"FF2_2412875";1786;"7";"32";-60.70596;-32.9106395;"GARZON";"";"";"Dirección declarada sin informar";"";"";"";"";"";"";"";"";"";"";"";"";"";"";"";"";"";"";"";"";"";"";"";"";"";"";"";""
1353658;"FF2_2413140";1786;"6";"9";-60.7064935;-32.9113384;"GARZON";"";"";"Dirección declarada sin informar";"";"";"";"";"";"";"";"";"";"";"";"";"";"";"";"";"";"";"";"";"";"";"";"";"";"";"";""
1390972;"FF2_2450617";1786;"11";"4";-60.7055075;-32.9115817;"SAN CAYETANO 1546";"";"";"Dirección declarada sin informar";"";"";"";"";"";"";"";"";"";"";"";"";"";"";"";"";"";"";"";"";"";"";"";"";"";"";"";""
1416757;"FF2_2476822";1786;"45";"29";-60.70294;-32.91141833;"OLAVARRIA";"1365";"";"Dirección declarada sin informar";"";"";"";"";"";"";"";"";"";"";"";"";"";"";"";"";"";"";"";"";"";"";"";"";"";"";"";""
1316029;"FF2_2375360";1786;"26";"4";-60.7027209;-32.9114315;"CABAL";"";"";"Dirección declarada sin informar";"";"";"";"";"";"";"";"";"";"";"";"";"";"";"";"";"";"";"";"";"";"";"";"";"";"";"";""
1346982;"FF2_2406430";1786;"7";"35";-60.705814;-32.9100521;"GARZON";"";"";"Dirección declarada sin informar";"";"";"";"";"";"";"";"";"";"";"";"";"";"";"";"";"";"";"";"";"";"";"";"";"";"";"";""
1314009;"FF2_2373328";1786;"7";"37";-60.7018021;-32.9116411;"SAN JOSE";"2550";"";"Dirección declarada sin informar";"";"";"";"";"";"";"";"";"";"";"";"";"";"";"";"";"";"PASILLO";"";"";"";"";"";"";"";"";"";""
1345453;"FF2_2404898";1786;"19";"20";-60.7050238;-32.9086158;"OLAVARRÍA";"";"";"Dirección declarada sin informar";"";"";"";"";"";"";"";"";"";"";"";"";"";"";"";"";"";"";"";"";"";"";"";"";"";"";"";""
1353126;"FF2_2412608";1786;"6";"16";-60.7064629;-32.9107416;"GARZON";"1424 BIS";"";"Dirección declarada sin informar";"";"";"";"";"";"";"";"";"";"";"";"";"";"";"";"";"";"";"";"";"";"";"";"";"";"";"";""
1359720;"FF2_2419224";1786;"39";"3";-60.70507667;-32.912505;"SAN CAYETANO";"";"";"Dirección declarada sin informar";"";"";"";"";"";"";"";"";"";"";"";"";"";"";"";"";"";"";"";"";"";"";"";"";"";"";"";""
1362014;"FF2_2421526";1786;"32";"17";-60.7046419;-32.9134314;"OLAVARRIA";"";"";"Dirección declarada sin informar";"";"";"";"";"";"";"";"";"";"";"";"";"";"";"";"";"";"";"";"";"";"";"";"";"";"";"";""
1352453;"FF2_2411933";1786;"35";"36";-60.7056874;-32.9113336;"SAN CAYETANO";"";"";"Dirección declarada sin informar";"";"";"";"";"";"";"";"";"";"";"";"";"";"";"";"";"";"";"";"";"";"";"";"";"";"";"";""
1321483;"FF2_2380834";1786;"23";"11";-60.70222167;-32.91310333;"PJE SANTA CLARA";"";"";"Dirección declarada sin informar";"";"";"";"";"";"";"";"";"";"";"";"";"";"";"";"";"";"";"";"";"";"";"";"";"";"";"";""
1321484;"FF2_2380835";1786;"25";"79";-60.7029017;-32.9119211;"CABAL 1328 BIS";"";"";"Dirección declarada sin informar";"";"";"";"";"";"";"";"";"";"";"";"";"";"";"";"1";"";"1";"";"";"";"";"";"";"";"";"";""
1322257;"FF2_2381613";1786;"23";"19";-60.70156954;-32.91300371;"SANTA CLARA";"";"";"Dirección declarada sin informar";"";"";"";"";"";"";"";"";"";"";"";"";"";"";"";"";"";"";"";"";"";"";"";"";"";"";"";""
1351231;"FF2_2410703";1786;"33";"80";-60.7039648;-32.9134124;"OLAVARRIA 278 BIS";"";"";"Dirección declarada sin informar";"";"";"";"";"";"";"";"";"";"";"";"";"";"";"";"";"";"";"";"";"";"";"";"";"";"";"";""
684844;"FF2_593924";1786;"13";"82";-32.90951443;-60.7056995;"Pasaje San Cayetano 1600 Bis";"";"";"";"";"";"";"";"";"";"";"";"";"";"";"";"";"";"";"";"";"";"";"";"";"";"";"";"";"";"";""
1345359;"FF2_2404803";1786;"13";"2";-60.7057137;-32.9100614;"CEFERINO";"";"";"Dirección declarada sin informar";"";"";"";"";"";"";"";"";"";"";"";"";"";"";"";"";"";"";"";"";"";"";"";"";"";"";"";""
1347100;"FF2_2406548";1786;"5";"20";-60.70581667;-32.90959167;"SAN CAYETANO";"";"";"Dirección declarada sin informar";"";"";"";"";"";"";"";"";"";"";"";"";"";"";"";"";"";"";"";"";"";"";"";"";"";"";"";""
1327241;"FF2_2386615";1786;"19";"14";-60.7029338;-32.9112144;"MARIA DE LOS ANGELES";"1578";"";"Dirección declarada sin informar";"";"";"";"";"";"";"";"";"";"";"";"";"";"";"";"";"";"";"";"";"";"";"";"";"";"";"";""
1343383;"FF2_2402818";1786;"17";"16";-60.70437723;-32.91030237;"OLAVARRIA";"";"";"Dirección declarada sin informar";"";"";"";"";"";"";"";"";"";"";"";"";"";"";"";"";"";"";"";"";"";"";"";"";"";"";"";""
1347406;"FF2_2406854";1786;"20";"31";-60.70303663;-32.91066402;"MARIANO CABAL";"1400";"";"Dirección declarada sin informar";"";"";"";"";"";"";"";"";"";"";"";"";"";"";"";"";"";"";"";"";"";"";"";"";"";"";"";""
1341416;"FF2_2400843";1786;"36";"6";-60.704292;-32.91357;"OLAVARRÍA";"";"";"Dirección declarada sin informar";"";"";"";"";"";"";"";"";"";"";"";"";"";"";"";"";"";"";"";"";"";"";"";"";"";"";"";""
1357676;"FF2_2417168";1786;"32";"17";-60.7047187;-32.9131665;"OLAVARRIA";"";"";"Dirección declarada sin informar";"";"";"";"";"";"";"";"";"";"";"";"";"";"";"";"";"";"";"";"";"";"";"";"";"";"";"";""
1391014;"FF2_2450659";1786;"4";"66";-60.7067443;-32.9132202;"GRAZON 1298 BIS";"";"";"Dirección declarada sin informar";"";"";"";"";"";"";"";"";"";"";"";"";"";"";"";"";"";"";"";"";"";"";"";"";"";"";"";""
1471133;"FF2_2537608";1786;"33";"82";-60.7046646;-32.9134297;"OLAVARRÍA 1350 BIS";"";"";"Dirección declarada sin informar";"";"";"";"";"";"";"";"";"";"";"";"";"";"";"";"";"";"CASA 3";"";"";"";"";"";"";"";"";"";""
1322265;"FF2_2381621";1786;"25";"22";-60.70261533;-32.91251807;"CABAL 3000";"";"";"Dirección declarada sin informar";"";"";"";"";"";"";"";"";"";"";"";"";"";"";"";"";"";"";"";"";"";"";"";"";"";"";"";""
1416749;"FF2_2476814";1786;"13";"8";-60.7039482;-32.9106769;"SAN CAYETANO 1600";"";"";"Dirección declarada sin informar";"";"";"";"";"";"";"";"";"";"";"";"";"";"";"";"";"";"";"";"";"";"";"";"";"";"";"";""
1346516;"FF2_2405963";1786;"7";"7";-60.70588333;-32.91000667;"GARZON";"1550 BIS";"";"Dirección declarada sin informar";"";"";"";"";"";"";"";"";"";"";"";"";"";"";"";"";"";"";"";"";"";"";"";"";"";"";"";""
1353092;"FF2_2412574";1786;"36";"10";-60.7063671;-32.9125851;"GARZON";"";"";"Dirección declarada sin informar";"";"";"";"";"";"";"";"";"";"";"";"";"";"";"";"";"";"";"";"";"";"";"";"";"";"";"";""
1346636;"FF2_2406083";1786;"18";"1";-60.70467342;-32.91095421;"";"";"";"Dirección declarada sin informar";"";"";"";"";"";"";"";"";"";"";"";"";"";"";"";"";"";"";"MARIA DE LOS ANGELES";"";"";"";"";"";"";"";"";""
1356232;"FF2_2415724";1786;"38";"12";-60.70560833;-32.91287486;"GARZON";"";"";"Dirección declarada sin informar";"";"";"";"";"";"";"";"";"";"";"";"";"";"";"";"";"";"";"";"";"";"";"";"";"";"";"";""
698874;"FF2_607971";1786;"38";"32";-32.9125014;-60.70623818;"";"";"";"Dirección declarada sin informar";"";"";"";"";"";"";"";"";"";"";"";"";"";"";"";"";"";"";"";"";"";"";"";"";"";"";"";""
1021797;"FF2_2019150";1786;"25";"79";-32.912145;-60.70276833;"OLAVARRIA";"1268 BIS";"NO";"";"";"";"";"";"";"";"";"";"";"";"";"";"";"";"";"";"";"";"";"";"";"";"";"";"";"";"";""
1316030;"FF2_2375361";1786;"27";"37";-60.7027126;-32.9114229;"CABAL";"";"";"Dirección declarada sin informar";"";"";"";"";"";"";"";"";"";"";"";"";"";"";"";"";"";"";"";"";"";"";"";"";"";"";"";""
1328144;"FF2_2387521";1786;"15";"77";-60.70379514;-32.91186254;"CABAL 1400 BIS";"";"";"Dirección declarada sin informar";"";"";"";"";"";"";"";"";"";"";"";"";"";"";"";"";"";"";"";"";"";"";"";"";"";"";"";""
1347118;"FF2_2406566";1786;"12";"9";-60.705405;-32.91033167;"SAN CAYETANO 1542";"";"";"Dirección declarada sin informar";"";"";"";"";"";"";"";"";"";"";"";"";"";"";"";"";"";"2";"";"";"";"";"";"";"";"";"";""
1351996;"FF2_2411473";1786;"36";"44";-60.7064142;-32.9125679;"GARZÓN";"1324 BIS";"";"Dirección declarada sin informar";"";"";"";"";"";"";"";"";"";"";"";"";"";"";"";"";"";"";"";"";"";"";"";"";"";"";"";""
681777;"FF2_590856";1786;"17";"119";-32.91073262;-60.70437567;"";"";"";"Dirección declarada sin informar";"";"";"";"";"";"";"";"";"";"";"";"";"";"";"";"";"";"";"";"";"";"";"";"";"";"";"";""
1315450;"FF2_2374778";1786;"34";"55";-60.7028977;-32.9126965;"OTTONE BIS";"1400";"";"Dirección declarada sin informar";"";"";"";"";"";"";"";"";"";"";"";"";"";"";"";"";"";"";"";"";"";"";"";"";"";"";"";""
1321477;"FF2_2380828";1786;"20";"10";-60.7023875;-32.9118472;"MARIANO CABAL 1305 BIS";"";"";"Dirección declarada sin informar";"";"";"";"";"";"";"";"";"";"";"";"";"";"";"";"";"";"";"";"";"";"";"";"";"";"";"";""
1351232;"FF2_2410704";1786;"23";"10";-60.7047516;-32.9123932;"PASAJE MARIANO DE LOS ANGELES 1553";"";"";"Dirección declarada sin informar";"";"";"";"";"";"";"";"";"";"";"";"";"";"";"";"";"";"";"";"";"";"";"";"";"";"";"";""
690877;"FF2_599959";1786;"45";"9";-32.91193351;-60.70496761;"Olavarria Y San Juan";"";"";"";"";"";"";"";"";"";"";"";"";"";"";"";"";"";"";"";"";"";"";"";"";"";"";"";"";"";"";""
24667;"FF2_025701";1786;"25";"46";-32.953814258;-60.651537936;"Cabal 308 Bis";"";"";"";"";"";"";"";"";"";"";"";"";"";"";"";"";"";"";"";"";"";"";"";"";"";"";"";"";"";"";""
1429716;"FF2_2492841";1786;"23";"48";-60.7020893;-32.9129956;"LABARDEN";"2578";"";"Dirección declarada sin informar";"";"";"";"";"";"";"";"";"";"";"";"";"";"";"";"";"";"";"";"";"";"";"";"";"";"";"";""
1344077;"FF2_2403515";1786;"19";"39";-60.7045238;-32.9091047;"OLAVARRIA";"";"";"Dirección declarada sin informar";"";"";"";"";"";"";"";"";"";"";"";"";"";"";"";"";"";"";"";"";"";"";"";"";"";"";"";""
1347404;"FF2_2406852";1786;"42";"31";-60.7035302;-32.9128333;"CABAL";"1300 BIS";"";"Dirección declarada sin informar";"";"";"";"";"";"";"";"";"";"";"";"";"";"";"";"";"";"";"";"";"";"";"";"";"";"";"";""
1315950;"FF2_2375280";1786;"32";"26";-60.7007069;-32.9124678;"OTTONE";"1100";"";"Dirección declarada sin informar";"";"";"";"";"";"";"";"";"";"";"";"";"";"";"";"";"";"PASILLO";"";"";"";"";"";"";"";"";"";""
125264;"FF2_0873280";1786;"47";"26";-32.9504031;-60.64146802;"";"";"";"";"";"";"";"";"";"";"";"";"";"";"";"";"";"";"";"";"";"";"";"";"";"";"";"";"";"";"";""
137249;"FF2_0884177";1786;"8";"16";-32.90910569;-60.70612388;"GARZON";"1600 BIS PASILLO";"";"";"";"";"";"";"";"";"";"";"";"";"";"";"";"";"";"";"";"";"";"";"";"";"";"";"";"";"";""
1346492;"FF2_2405939";1786;"13";"23";-60.7056332;-32.908091;"OLAVARRIA";"1600 BIS";"";"";"";"";"";"";"";"";"";"";"";"";"";"";"";"";"";"";"";"";"";"";"";"";"";"";"";"";"";""
1317678;"FF2_2377020";1786;"32";"24";-60.700626;-32.9126369;"OTTONE BIS";"1300 (PASILLO)";"";"Dirección declarada sin informar";"";"";"";"";"";"";"";"";"";"";"";"";"";"";"";"";"";"";"";"";"";"";"";"";"";"";"";""
1346979;"FF2_2406427";1786;"7";"11";-60.70630867;-32.91014499;"GARZON";"";"";"Dirección declarada sin informar";"";"";"";"";"";"";"";"";"";"";"";"";"";"";"";"";"";"";"";"";"";"";"";"";"";"";"";""
1359716;"FF2_2419220";1786;"6";"30";-60.70564167;-32.91101667;"SAN CAYETANO";"";"";"Dirección declarada sin informar";"";"";"";"";"";"";"";"";"";"";"";"";"";"";"";"";"";"";"";"";"";"";"";"";"";"";"";""
1326434;"FF2_2385806";1786;"46";"5";-60.70234115;-32.91082519;"CABAL";"";"";"Dirección declarada sin informar";"";"";"";"";"";"";"";"";"";"";"";"";"";"";"";"";"";"";"";"";"";"";"";"";"";"";"";""
1353103;"FF2_2412585";1786;"6";"36";-60.7063651;-32.9109915;"GARZON";"";"";"Dirección declarada sin informar";"";"";"";"";"";"";"";"";"";"";"";"";"";"";"";"";"";"";"";"";"";"";"";"";"";"";"";""
15999;"FF2_016894";1786;"26";"22";-32.91060147;-60.70291009;"Cabal 1500 Bis";"";"";"";"";"";"";"";"";"";"";"";"";"";"";"";"";"";"";"";"";"";"";"";"";"";"";"";"";"";"";""
681754;"FF2_590833";1786;"17";"47";-32.91050465;-60.70364273;"";"";"";"Dirección declarada sin informar";"";"";"";"";"";"";"";"";"";"";"";"";"";"";"";"";"";"";"";"";"";"";"";"";"";"";"";""
1347393;"FF2_2406841";1786;"33";"35";-60.7028856;-32.9134782;"CABAL";"1275";"";"Dirección declarada sin informar";"";"";"";"";"";"";"";"";"";"";"";"";"";"";"";"";"";"";"";"";"";"";"";"";"";"";"";""
1360729;"FF2_2420237";1786;"32";"3";-60.7060781;-32.9131712;"GARZON";"";"";"Dirección declarada sin informar";"";"";"";"";"";"";"";"";"";"";"";"";"";"";"";"";"";"";"";"";"";"";"";"";"";"";"";""
1390975;"FF2_2450620";1786;"11";"1";-60.7052801;-32.9118332;"OLAVARRIA Y PASAJE SAN JOSE";"";"";"Dirección declarada sin informar";"";"";"";"";"";"";"";"";"";"";"";"";"";"";"";"";"";"";"";"";"";"";"";"";"";"";"";""
1344840;"FF2_2404283";1786;"13";"22";-60.7056047;-32.908781;"OLAVABARRIA";"";"";"Dirección declarada sin informar";"";"";"";"";"";"";"";"";"";"";"";"";"";"";"";"";"";"";"";"";"";"";"";"";"";"";"";""
1352993;"FF2_2412475";1786;"36";"37";-60.7060229;-32.9123078;"GARZON";"";"";"Dirección declarada sin informar";"";"";"";"";"";"";"";"";"";"";"";"";"";"";"";"";"";"";"";"";"";"";"";"";"";"";"";""
700728;"FF2_609825";1786;"37";"10";-32.91124098;-60.7055249;"Olavarria 1600";"";"";"";"";"";"";"";"";"";"";"";"";"";"";"";"";"";"";"";"";"";"";"";"";"";"";"";"";"";"";""
1364190;"FF2_2423708";1786;"3";"19";-60.706077;-32.9130586;"SHEWSHERS";"";"";"Dirección declarada sin informar";"";"";"";"";"";"";"";"";"";"";"";"";"";"";"";"";"";"";"";"";"";"";"";"";"";"";"";""
1346597;"FF2_2406044";1786;"17";"78";-60.70396639;-32.91069333;"MARIA DE LOS ANGELES";"";"";"Dirección declarada sin informar";"";"";"";"";"";"";"";"";"";"";"";"";"";"";"";"";"";"";"";"";"";"";"";"";"";"";"";""
684694;"FF2_593774";1786;"15";"78";-32.91213244;-60.70375069;"";"";"";"Dirección declarada sin informar";"";"";"";"";"";"";"";"";"";"";"";"";"";"";"";"";"";"";"";"";"";"";"";"";"";"";"";""
1352674;"FF2_2412153";1786;"36";"3";-60.706112;-32.9116809;"GARZON";"1380";"";"Dirección declarada sin informar";"";"";"";"";"";"";"";"";"";"";"";"";"";"";"";"";"";"";"";"";"";"";"";"";"";"";"";""
1315952;"FF2_2375282";1786;"32";"15";-60.7009286;-32.9125505;"OTTONE";"1306 BIS";"";"Dirección declarada sin informar";"";"";"";"";"";"";"";"";"";"";"";"";"";"";"";"";"";"PASILLO";"";"";"";"";"";"";"";"";"";""
1346572;"FF2_2406019";1786;"8";"25";-60.7055667;-32.910363;"OLAVARRIA";"";"";"Dirección declarada sin informar";"";"";"";"";"";"";"";"";"";"";"";"";"";"";"";"";"";"";"";"";"";"";"";"";"";"";"";""
1352972;"FF2_2412453";1786;"36";"14";-60.706525;-32.91240667;"GARZON 1332 BIS";"";"";"Dirección declarada sin informar";"";"";"";"";"";"";"";"";"";"";"";"";"";"";"";"";"";"";"";"";"";"";"";"";"";"";"";""
1360730;"FF2_2420238";1786;"4";"65";-60.7061198;-32.9130358;"GARZON";"";"";"Dirección declarada sin informar";"";"";"";"";"";"";"";"";"";"";"";"";"";"";"";"";"";"";"";"";"";"";"";"";"";"";"";""
1344118;"FF2_2403556";1786;"41";"32";0;0;"OLAVARRIA";"";"";"Dirección declarada sin informar";"";"";"";"";"";"";"";"";"";"";"";"";"";"";"";"";"";"";"";"";"";"";"";"";"";"";"";""
1364186;"FF2_2423704";1786;"45";"3";-60.7055519;-32.9111149;"SAN TANO";"";"";"Dirección declarada sin informar";"";"";"";"";"";"";"";"";"";"";"";"";"";"";"";"";"";"";"";"";"";"";"";"";"";"";"";""
1390985;"FF2_2450630";1786;"36";"60";-60.7060571;-32.91269;"GARZON 1300 BIS";"";"";"Dirección declarada sin informar";"";"";"";"";"";"";"";"";"";"";"";"";"";"";"";"";"";"";"";"";"";"";"";"";"";"";"";""
1346641;"FF2_2406088";1786;"17";"62";-60.7037646;-32.91053351;"";"";"";"Dirección declarada sin informar";"";"";"";"";"";"";"";"";"";"";"";"";"";"";"";"";"";"";"MARIA GONZALES";"";"";"";"";"";"";"";"";""
1479111;"FF2_2546109";1786;"46";"33";-60.7022033;-32.9116745;"CABAL";"";"";"Dirección declarada sin informar";"";"";"";"";"";"";"";"";"";"";"";"";"";"";"";"";"";"";"";"";"";"";"";"";"";"";"";""
1356227;"FF2_2415719";1786;"35";"41";-60.70559752;-32.91140903;"SAN TANO";"";"";"Dirección declarada sin informar";"";"";"";"";"";"";"";"";"";"";"";"";"";"";"";"";"";"";"";"";"";"";"";"";"";"";"";""
1317676;"FF2_2377018";1786;"32";"25";-60.7007193;-32.9124699;"OTTONE BIS";"1300";"";"Dirección declarada sin informar";"";"";"";"";"";"";"";"";"";"";"";"";"";"";"";"";"";"";"";"";"";"";"";"";"";"";"";""
1359719;"FF2_2419223";1786;"5";"201";-60.70517333;-32.91289;"SAN CAYETANO";"";"";"Dirección declarada sin informar";"";"";"";"";"";"";"";"";"";"";"";"";"";"";"";"";"";"";"";"";"";"";"";"";"";"";"";""
1327240;"FF2_2386614";1786;"24";"16";-60.7030614;-32.9122796;"CABAL";"";"";"Dirección declarada sin informar";"";"";"";"";"";"";"";"";"";"";"";"";"";"";"";"";"";"";"";"";"";"";"";"";"";"";"";""
1416747;"FF2_2476812";1786;"12";"24";-60.70502586;-32.91002038;"OLAVARRIA 1600";"";"";"Dirección declarada sin informar";"";"";"";"";"";"";"";"";"";"";"";"";"";"";"";"";"";"";"";"";"";"";"";"";"";"";"";""
1390989;"FF2_2450634";1786;"7";"49";-60.7063482;-32.9104379;"GARZON 1515 BIS";"";"";"Dirección declarada sin informar";"";"";"";"";"";"";"";"";"";"";"";"";"";"";"";"";"";"";"";"";"";"";"";"";"";"";"";""
699323;"FF2_608420";1786;"37";"33";-32.91156986;-60.7062555;"Garzon 1380 Bis";"";"";"Dirección declarada sin informar";"";"";"";"";"";"";"";"";"";"";"";"";"";"";"";"";"";"";"";"";"";"";"";"";"";"";"";""
1357064;"FF2_2416556";1786;"21";"15";-60.70599167;-32.91250833;"OLAVARRIA";"1351 BIS";"";"Dirección declarada sin informar";"";"";"";"";"";"";"";"";"";"";"";"";"";"";"";"";"";"";"";"";"";"";"";"";"";"";"";""
1344154;"FF2_2403592";1786;"17";"112";-60.7043934;-32.9103934;"MARTINEZ DE ESTRADA";"";"OLAVARRIA";"Dirección declarada sin informar";"";"";"";"";"";"";"";"";"";"";"";"";"";"";"OLAVARRIA";"";"";"";"";"";"";"";"";"";"";"";"";""
1317679;"FF2_2377021";1786;"32";"22";-60.70061;-32.9126;"OTTONE BIS";"";"1300";"Dirección declarada sin informar";"";"";"";"";"";"";"";"";"";"";"";"";"";"";"";"";"";"";"";"";"";"";"";"";"";"";"";""
1327246;"FF2_2386620";1786;"33";"17";-60.7029899;-32.9127086;"CABAL";"";"";"Dirección declarada sin informar";"";"";"";"";"";"";"";"";"";"";"";"";"";"";"";"";"";"";"";"";"";"";"";"";"";"";"";""
1352454;"FF2_2411934";1786;"11";"7";-60.705365;-32.9112;"SAN CAYETANO";"";"";"Dirección declarada sin informar";"";"";"";"";"";"";"";"";"";"";"";"";"";"";"";"";"";"";"";"";"";"";"";"";"";"";"";""
1353125;"FF2_2412607";1786;"6";"10";-60.7065269;-32.9112597;"GARZON";"1412 BIS";"";"Dirección declarada sin informar";"";"";"";"";"";"";"";"";"";"";"";"";"";"";"";"";"";"";"";"";"";"";"";"";"";"";"";""
1321180;"FF2_2380527";1786;"23";"16";-60.7011217;-32.9130749;"SANTA CLARA";"2524";"";"Dirección declarada sin informar";"";"";"";"";"";"";"";"";"";"";"";"";"";"";"";"";"";"";"";"";"";"";"";"";"";"";"";""
1322248;"FF2_2381604";1786;"30";"9";-60.70083859;-32.91276148;"OTTONE";"";"";"Dirección declarada sin informar";"";"";"";"";"";"";"";"";"";"";"";"";"";"";"";"";"";"";"";"";"";"";"";"";"";"";"";""
1356271;"FF2_2415763";1786;"37";"35";-60.7060108;-32.9123885;"GARZON";"";"";"Dirección declarada sin informar";"";"";"";"";"";"";"";"";"";"";"";"";"";"";"";"";"";"";"";"";"";"";"";"";"";"";"";""
1346977;"FF2_2406425";1786;"8";"29";-60.7064991;-32.9098987;"GARZON 1602 BIS";"";"";"Dirección declarada sin informar";"";"";"";"";"";"";"";"";"";"";"";"";"";"";"";"";"";"";"";"";"";"";"";"";"";"";"";""
688945;"FF2_598026";1786;"8";"84";-32.91006264;-60.70615692;"Garzón 1600 Bis";"";"";"";"";"";"";"";"";"";"";"";"";"";"";"";"";"";"";"";"";"";"";"";"";"";"";"";"";"";"";""
1315936;"FF2_2375266";1786;"28";"3";-60.70268315;-32.91074779;"CABAL";"1430";"";"Dirección declarada sin informar";"";"";"";"";"";"";"";"";"";"";"";"";"";"";"";"";"";"PASILLO";"";"";"";"";"";"";"";"";"";""
1352105;"FF2_2411583";1786;"35";"35";-60.705663;-32.9115328;"SAN CAYETANO";"";"";"Dirección declarada sin informar";"";"";"";"";"";"";"";"";"";"";"";"";"";"";"";"";"";"";"";"";"";"";"";"";"";"";"";""
15995;"FF2_016890";1786;"26";"22";-32.91102144;-60.70222011;"";"";"";"Dirección declarada sin informar";"";"";"";"";"";"";"";"";"";"";"";"";"";"";"";"";"";"";"";"";"";"";"";"";"";"";"";""
1321490;"FF2_2380841";1786;"32";"43";-60.7008204;-32.9126413;"OTTONE";"1200 BIS";"";"Dirección declarada sin informar";"";"";"";"";"";"";"";"";"";"";"";"";"";"";"";"";"";"";"";"";"";"";"";"";"";"";"";""
1470114;"FF2_2536552";1786;"15";"18";-60.70349;-32.91186167;"CABAL";"";"SAN JOSE";"Dirección declarada sin informar";"";"";"";"";"";"";"";"";"";"";"";"";"";"";"SAN JOSE";"";"";"";"";"";"";"";"";"";"";"";"";""
1322264;"FF2_2381620";1786;"26";"4";-60.70225503;-32.91272162;"CABAL";"";"";"Dirección declarada sin informar";"";"";"";"";"";"";"";"";"";"";"";"";"";"";"";"";"";"";"";"";"";"";"";"";"";"";"";""
1472658;"FF2_2539194";1786;"24";"21";-60.70326833;-32.91259333;"MAXIMILIANO COLBER Y PASAJE 1";"";"";"Dirección declarada sin informar";"";"";"";"";"";"";"";"";"";"";"";"";"";"";"";"";"";"";"";"";"";"";"";"";"";"";"";""
1344070;"FF2_2403508";1786;"17";"114";-60.7044074;-32.910639;"LOS ANGELES";"";"";"Dirección declarada sin informar";"";"";"";"";"";"";"";"";"";"";"";"";"";"";"";"";"";"";"";"";"";"";"";"";"";"";"";""
1321192;"FF2_2380539";1786;"25";"1";-60.7029473;-32.9119568;"MARIANO CABAL";"1316 BIS";"";"Dirección declarada sin informar";"";"";"";"";"";"";"";"";"";"";"";"";"";"";"";"";"";"";"";"";"";"";"";"";"";"";"";""
1472385;"FF2_2538917";1786;"34";"14";-60.70147479;-32.91191286;"OTTONE";"";"";"Dirección declarada sin informar";"";"";"";"";"";"";"";"";"";"";"";"";"";"";"";"";"";"";"SAN JOSÉ";"";"";"";"";"";"";"";"";""
1429718;"FF2_2492844";1786;"3";"23";-60.70497562;-32.91354038;"ATACALCO";"6016";"";"Dirección declarada sin informar";"";"";"";"";"";"";"";"";"";"";"";"";"";"";"";"";"";"";"";"";"";"";"";"";"";"";"";""
1357076;"FF2_2416568";1786;"5";"159";-60.70542167;-32.91195667;"SAN CAYETANO";"";"SAN JOSE";"Dirección declarada sin informar";"";"";"";"";"";"";"";"";"";"";"";"";"";"";"SAN JOSE";"";"";"";"";"";"";"";"";"";"";"";"";""
1356268;"FF2_2415760";1786;"11";"10";-60.70543894;-32.91090984;"MARIA DE LOS ANGELES";"";"";"Dirección declarada sin informar";"";"";"";"";"";"";"";"";"";"";"";"";"";"";"";"";"";"";"";"";"";"";"";"";"";"";"";""
681819;"FF2_590898";1786;"47";"18";-32.90996281;-60.70361242;"";"";"";"CALLE 1482 BIS entre CABAL BIS y OLAVARRÍA BIS";"";"";"";"";"";"";"";"";"";"";"";"";"";"";"";"";"";"";"";"";"";"";"";"";"";"";"";""
699014;"FF2_608111";1786;"35";"35";-32.91107918;-60.70580347;"San Cayetano 1501";"";"";"Dirección declarada sin informar";"";"";"";"";"";"";"";"";"";"";"";"";"";"";"";"";"";"";"";"";"";"";"";"";"";"";"";""
1315441;"FF2_2374769";1786;"47";"43";-60.70281167;-32.91085167;"CABAL BIS";"1400";"";"Dirección declarada sin informar";"";"";"";"";"";"";"";"";"";"";"";"";"";"";"";"";"";"";"";"";"";"";"";"";"";"";"";""
690888;"FF2_599970";1786;"37";"24";-32.91166955;-60.70564912;"";"";"";"";"";"";"";"";"";"";"";"";"";"";"";"";"";"";"";"";"";"";"";"";"";"";"";"";"";"";"";""
1315675;"FF2_2375004";1786;"26";"28";-60.7022297;-32.91181;"SAN JOSE";"";"";"Dirección declarada sin informar";"";"";"";"";"";"";"";"";"";"";"";"";"";"";"";"";"";"";"";"";"";"";"";"";"";"";"";""
1343347;"FF2_2402782";1786;"19";"44";-60.70420833;-32.90928667;"OLAVARRIA";"";"";"Dirección declarada sin informar";"";"";"";"";"";"";"";"";"";"";"";"";"";"";"";"";"";"";"";"";"";"";"";"";"";"";"";""
678888;"FF2_587966";1786;"33";"17";-32.91248876;-60.70091247;"Ottone bis  1306 Pasillo";"";"";"Dirección declarada sin informar";"";"";"";"";"";"";"";"";"";"";"";"";"";"";"";"";"";"";"";"";"";"";"";"";"";"";"";""
1347412;"FF2_2406860";1786;"20";"39";-60.7034931;-32.91013902;"";"";"";"Dirección declarada sin informar";"";"";"";"";"";"";"";"";"";"";"";"";"";"";"";"";"";"";"CEFERINO NAMUNCURÁ";"";"";"";"";"";"";"";"";""
7847;"FF2_008645";1786;"1";"38";-32.91419975;-60.70474807;"Guaycuru 2705";"";"";"";"";"";"";"";"";"";"";"";"";"";"";"";"";"";"";"";"";"";"";"";"";"";"";"";"";"";"";""
1347395;"FF2_2406843";1786;"43";"64";-60.7033143;-32.9138333;"CABAL";"1266";"";"Dirección declarada sin informar";"";"";"";"";"";"";"";"";"";"";"";"";"";"";"";"";"";"";"";"";"";"";"";"";"";"";"";""
681793;"FF2_590872";1786;"47";"67";-32.90979899;-60.70400492;"";"";"";"CALLE 1482 BIS entre CABAL BIS y OLAVARRÍA BIS";"";"";"";"";"";"";"";"";"";"";"";"";"";"";"";"";"";"";"";"";"";"";"";"";"";"";"";""
1320880;"FF2_2380227";1786;"25";"79";-60.7028112;-32.9120348;"CABAL";"1328BIS";"";"Dirección declarada sin informar";"";"";"";"";"";"";"";"";"";"";"";"";"";"";"";"";"";"";"";"";"";"";"";"";"";"";"";""
1391006;"FF2_2450651";1786;"23";"9";-60.7047152;-32.9124157;"OLAVARRIA 1407 BIS";"";"";"Dirección declarada sin informar";"";"";"";"";"";"";"";"";"";"";"";"";"";"";"";"";"";"";"";"";"";"";"";"";"";"";"";""
1470344;"FF2_2536790";1786;"7";"33";-60.70226576;-32.91115047;"SAN JOSE";"";"";"";"";"";"";"";"";"";"";"";"";"";"";"";"";"";"";"";"";"";"";"";"";"";"";"";"";"";"";""
1344600;"FF2_2404042";1786;"13";"97";-60.7053584;-32.9101589;"MARTIN  ESTRADA";"";"";"Dirección declarada sin informar";"";"";"";"";"";"";"";"";"";"";"";"";"";"";"";"";"";"";"";"";"";"";"";"";"";"";"";""
1431855;"FF2_2495295";1786;"37";"38";-60.7033077;-32.9179974;"SAN CAYETANO";"1541 BIS CASA 4";"";"Dirección declarada sin informar";"";"";"";"";"";"";"";"";"";"";"";"";"";"";"";"";"";"";"";"";"";"";"";"";"";"";"";""
1316037;"FF2_2375368";1786;"32";"33";-60.70064466;-32.91257884;"OTTONE";"";"";"Dirección declarada sin informar";"";"";"";"";"";"";"";"";"";"";"";"";"";"";"";"";"";"";"";"";"";"";"";"";"";"";"";""
1346967;"FF2_2406415";1786;"7";"11";-60.7064641;-32.9097356;"GARZON 1600 BIS";"";"";"Dirección declarada sin informar";"";"";"";"";"";"";"";"";"";"";"";"";"";"";"";"";"";"";"";"";"";"";"";"";"";"";"";""
1357677;"FF2_2417169";1786;"4";"3";-60.7065725;-32.9131618;"GARZON";"";"";"Dirección declarada sin informar";"";"";"";"";"";"";"";"";"";"";"";"";"";"";"";"";"";"";"";"";"";"";"";"";"";"";"";""
1327247;"FF2_2386621";1786;"14";"5";-60.7045759;-32.9128911;"OLAVARRIA";"";"";"Dirección declarada sin informar";"";"";"";"";"";"";"";"";"";"";"";"";"";"";"";"";"";"";"";"";"";"";"";"";"";"";"";""
1347329;"FF2_2406777";1786;"8";"30";-60.70636053;-32.90911703;"GARZON";"";"";"Dirección declarada sin informar";"";"";"";"";"";"";"";"";"";"";"";"";"";"";"";"";"";"";"";"";"";"";"";"";"";"";"";""
1320883;"FF2_2380230";1786;"40";"22";-60.7031303;-32.9126928;"MARIANO CABAL";"1317BIS";"";"Dirección declarada sin informar";"";"";"";"";"";"";"";"";"";"";"";"";"";"";"";"";"";"";"";"";"";"";"";"";"";"";"";""
681717;"FF2_590796";1786;"27";"1";-32.91102813;-60.70295992;"Cabal 1422 Bis";"";"";"";"";"";"";"";"";"";"";"";"";"";"";"";"";"";"";"";"";"";"";"";"";"";"";"";"";"";"";""
64660;"FF2_066202";1786;"26";"38";-32.91152742;-60.70296405;"Cabal 1400 Bis";"";"";"";"";"";"";"";"";"";"";"";"";"";"";"";"";"";"";"";"";"";"";"";"";"";"";"";"";"";"";""
1317681;"FF2_2377023";1786;"32";"14";-60.7009389;-32.9125508;"OTTONE (PASILLO)";"1300 BIS";"";"Dirección declarada sin informar";"";"";"";"";"";"";"";"";"";"";"";"";"";"";"";"";"";"";"";"";"";"";"";"";"";"";"";""
1357664;"FF2_2417156";1786;"6";"43";-60.7056425;-32.9111261;"SAN CAYETANO";"";"";"Dirección declarada sin informar";"";"";"";"";"";"";"";"";"";"";"";"";"";"";"";"";"";"";"";"";"";"";"";"";"";"";"";""
1357066;"FF2_2416558";1786;"32";"15";-60.70467833;-32.91310833;"OLAVARRIA";"1351 BIS";"";"Dirección declarada sin informar";"";"";"";"";"";"";"";"";"";"";"";"";"";"";"";"";"";"";"";"";"";"";"";"";"";"";"";""
1353394;"FF2_2412876";1786;"36";"14";-60.7064321;-32.9119723;"GARZON";"";"";"Dirección declarada sin informar";"";"";"";"";"";"";"";"";"";"";"";"";"";"";"";"";"";"";"";"";"";"";"";"";"";"";"";""
1431852;"FF2_2495292";1786;"45";"13";-60.7044777;-32.9120747;"OLAVARRIA";"1426";"";"Dirección declarada sin informar";"";"";"";"";"";"";"";"";"";"";"";"";"";"";"";"";"";"";"";"";"";"";"";"";"";"";"";""
1390998;"FF2_2450643";1786;"23";"1";-60.7053038;-32.9118781;"OLAVARRIA 1511 BIS";"";"";"Dirección declarada sin informar";"";"";"";"";"";"";"";"";"";"";"";"";"";"";"";"";"";"";"";"";"";"";"";"";"";"";"";""
1345954;"FF2_2405401";1786;"2";"5";-60.7056703;-32.9085836;"OLAVARRIA";"";"";"Dirección declarada sin informar";"";"";"";"";"";"";"";"";"";"";"";"";"";"";"";"";"";"";"";"";"";"";"";"";"";"";"";""
1314193;"FF2_2373513";1786;"26";"34";-60.7025238;-32.9120253;"CABAL";"";"";"Dirección declarada sin informar";"";"";"";"";"";"";"";"";"";"";"";"";"";"";"";"";"";"";"SAN JOSE";"";"";"";"";"";"";"";"";""
1357068;"FF2_2416560";1786;"4";"62";-60.7061554;-32.9130602;"SCHWEITZER";"2700";"";"Dirección declarada sin informar";"";"";"";"";"";"";"";"";"";"";"";"";"";"";"";"";"";"";"";"";"";"";"";"";"";"";"";""
1320869;"FF2_2380216";1786;"23";"18";-60.70209557;-32.91293982;"SHUEZER";"2530";"";"Dirección declarada sin informar";"";"";"";"";"";"";"";"";"";"";"";"";"";"";"";"";"";"";"";"";"";"";"";"";"";"";"";""
1327245;"FF2_2386619";1786;"15";"33";-60.7034121;-32.9120102;"SAN JOSE";"";"";"Dirección declarada sin informar";"";"";"";"";"";"";"";"";"";"";"";"";"";"";"";"";"";"";"";"";"";"";"";"";"";"";"";""
1346637;"FF2_2406084";1786;"17";"115";-60.704476;-32.9108142;"";"";"";"Dirección declarada sin informar";"";"";"";"";"";"";"";"";"";"";"";"";"";"";"";"";"";"";"MARIA DE LOS ANGELES";"";"";"";"";"";"";"";"";""
1341561;"FF2_2400989";1786;"17";"133";-60.7044397;-32.9104778;"OLAVARRIA";"1504 BIS";"";"Dirección declarada sin informar";"";"";"";"";"";"";"";"";"";"";"";"";"";"";"";"";"";"";"";"";"";"";"";"";"";"";"";""
1345455;"FF2_2404900";1786;"13";"27";-60.70549501;-32.90870665;"OLAVARRÍA";"";"";"Dirección declarada sin informar";"";"";"";"";"";"";"";"";"";"";"";"";"";"";"";"";"";"";"";"";"";"";"";"";"";"";"";""
1352306;"FF2_2411785";1786;"36";"18";-60.7060202;-32.9122612;"GARZON 1330 BIS";"";"";"Dirección declarada sin informar";"";"";"";"";"";"";"";"";"";"";"";"";"";"";"";"";"";"";"";"";"";"";"";"";"";"";"";""
1351249;"FF2_2410721";1786;"8";"6";-60.7062909;-32.9099112;"GARZON 1536 BIS";"";"";"Dirección declarada sin informar";"";"";"";"";"";"";"";"";"";"";"";"";"";"";"";"";"";"";"";"";"";"";"";"";"";"";"";""
1325505;"FF2_2384875";1786;"42";"6";-60.70347;-32.91328;"MARIANO CABAL";"1297 BIS";"";"Dirección declarada sin informar";"";"";"";"";"";"";"";"";"";"";"";"";"";"";"";"";"";"";"";"";"";"";"";"";"";"";"";""
679401;"FF2_588479";1786;"46";"20";-32.91302167;-60.70079833;"San Jose 2550";"";"";"";"";"";"";"";"";"";"";"";"";"";"";"";"";"";"";"";"";"";"";"";"";"";"";"";"";"";"";""
1325803;"FF2_2385173";1786;"42";"23";-60.7034938;-32.9132933;"CABAL";"";"";"Dirección declarada sin informar";"";"";"";"";"";"";"";"";"";"";"";"";"";"";"";"";"";"";"";"";"";"";"";"";"";"";"";""
1364183;"FF2_2423701";1786;"3";"21";-60.7056012;-32.9132197;"SHEWSHERS";"";"";"Dirección declarada sin informar";"";"";"";"";"";"";"";"";"";"";"";"";"";"";"";"";"";"";"";"";"";"";"";"";"";"";"";""
1346667;"FF2_2406114";1786;"13";"68";-60.7059643;-32.9096537;"";"";"";"Dirección declarada sin informar";"";"";"";"";"";"";"";"";"";"";"";"";"";"";"";"";"";"";"SAN CALLETANO 1600";"";"";"";"";"";"";"";"";""
15989;"FF2_016884";1786;"26";"27";-32.91183382;-60.70211047;"";"";"";"";"";"";"";"";"";"";"";"";"";"";"";"";"";"";"";"";"";"";"";"";"";"";"";"";"";"";"";""
1316034;"FF2_2375365";1786;"34";"79";-60.70115928;-32.9122949;"OTTONE";"";"";"Dirección declarada sin informar";"";"";"";"";"";"";"";"";"";"";"";"";"";"";"";"";"";"";"";"";"";"";"";"";"";"";"";""
1327239;"FF2_2386613";1786;"15";"40";-60.7034806;-32.9119515;"SAN JOSE";"";"";"Dirección declarada sin informar";"";"";"";"";"";"";"";"";"";"";"";"";"";"";"";"";"";"";"";"";"";"";"";"";"";"";"";""
1346666;"FF2_2406113";1786;"8";"72";-60.7058018;-32.9096788;"";"";"";"Dirección declarada sin informar";"";"";"";"";"";"";"";"";"";"";"";"";"";"";"";"";"";"SAN CALLETANO 1600";"";"";"";"";"";"";"";"";"";""
1345457;"FF2_2404902";1786;"4";"13";-60.7060678;-32.9097849;"";"";"";"Dirección declarada sin informar";"";"";"";"";"";"";"";"";"";"";"";"";"";"";"";"";"";"";"SAN CAYETANO";"";"";"";"";"";"";"";"";""
1346657;"FF2_2406104";1786;"18";"26";-60.70419898;-32.9094688;"OLAVARRIA";"";"";"Dirección declarada sin informar";"";"";"";"";"";"";"";"";"";"";"";"";"";"";"";"";"";"";"";"";"";"";"";"";"";"";"";""
684423;"FF2_593503";1786;"18";"47";-32.91003181;-60.70429554;"";"";"";"MARTÍNEZ ESTRADA entre CALLE 1482 BIS y OLAVARRÍA BIS";"";"";"";"";"";"";"";"";"";"";"";"";"";"";"";"";"";"";"";"";"";"";"";"";"";"";"";""
679405;"FF2_588483";1786;"46";"31";-32.911715;-60.70162333;"San Miguel";"";"";"";"";"";"";"";"";"";"";"";"";"";"";"";"";"";"";"";"";"";"";"";"";"";"";"";"";"";"";""
1352110;"FF2_2411588";1786;"5";"186";-60.70603774;-32.91263341;"GARZON 340 BIS";"";"";"Dirección declarada sin informar";"";"";"";"";"";"";"";"";"";"";"";"";"";"";"";"";"";"";"";"";"";"";"";"";"";"";"";""
1328123;"FF2_2387500";1786;"24";"17";-60.7029493;-32.9124808;"CABAL 1300";"";"";"Dirección declarada sin informar";"";"";"";"";"";"";"";"";"";"";"";"";"";"";"";"";"";"";"";"";"";"";"";"";"";"";"";""
1343375;"FF2_2402810";1786;"17";"92";-60.7042595;-32.9108795;"MARIA DE LOS ÁNGELES";"";"";"Dirección declarada sin informar";"";"";"";"";"";"";"";"";"";"";"";"";"";"";"";"";"";"";"";"";"";"";"";"";"";"";"";""
1353400;"FF2_2412882";1786;"36";"3";-60.7065913;-32.9118228;"GARZON";"";"";"Dirección declarada sin informar";"";"";"";"";"";"";"";"";"";"";"";"";"";"";"";"";"";"";"";"";"";"";"";"";"";"";"";""
24617;"FF2_025651";1786;"3";"29";-32.91310693;-60.70526565;"Olavarría 1300";"";"";"";"";"";"";"";"";"";"";"";"";"";"";"";"";"";"";"";"";"";"";"";"";"";"";"";"";"";"";""
1343328;"FF2_2402763";1786;"18";"8";-60.70504833;-32.90963;"OLAVARRIA 1600 BIS";"";"";"Dirección declarada sin informar";"";"";"";"";"";"";"";"";"";"";"";"";"";"";"";"";"";"";"";"";"";"";"";"";"";"";"";""
684422;"FF2_593502";1786;"18";"5";-32.90986773;-60.70481522;"";"";"";"OLAVARRÍA BIS entre MARTÍNEZ ESTRADA y CALLE 1482 BIS";"";"";"";"";"";"";"";"";"";"";"";"";"";"";"";"";"";"";"";"";"";"";"";"";"";"";"";""
1343312;"FF2_2402747";1786;"47";"25";-60.7033793;-32.9099623;"PJE.NAMUCURA";"";"";"Dirección declarada sin informar";"";"";"";"";"";"";"";"";"";"";"";"";"";"";"";"";"";"";"";"";"";"";"";"";"";"";"";""
1351262;"FF2_2410734";1786;"9";"17";-60.705451;-32.910367;"LAVARRIA";"";"";"Dirección declarada sin informar";"";"";"";"";"";"";"";"";"";"";"";"";"";"";"";"";"";"";"";"";"";"";"";"";"";"";"";""
1326285;"FF2_2385656";1786;"42";"41";-60.70335464;-32.91350793;"CABAL 1200";"";"";"Dirección declarada sin informar";"";"";"";"";"";"";"";"";"";"";"";"";"";"";"";"";"";"";"";"";"";"";"";"";"";"";"";""
1353868;"FF2_2413350";1786;"35";"41";-60.7057477;-32.9115373;"SAN CAYETANO";"";"";"Dirección declarada sin informar";"";"";"";"";"";"";"";"";"";"";"";"";"";"";"";"";"";"";"";"";"";"";"";"";"";"";"";""
684845;"FF2_593925";1786;"13";"14";-32.908736;-60.70572471;"San Cayetano 698 Bis";"";"";"";"";"";"";"";"";"";"";"";"";"";"";"";"";"";"";"";"";"";"";"";"";"";"";"";"";"";"";""
684997;"FF2_594077";1786;"15";"25";-32.91198564;-60.70320527;"";"";"";"";"";"";"";"";"";"";"";"";"";"";"";"";"";"";"";"";"";"";"";"";"";"";"";"";"";"";"";""
1343379;"FF2_2402814";1786;"20";"14";-60.70296806;-32.91051973;"CABAL";"";"";"Dirección declarada sin informar";"";"";"";"";"";"";"";"";"";"";"";"";"";"";"";"";"";"";"";"";"";"";"";"";"";"";"";""
1429702;"FF2_2492821";1786;"7";"11";-60.7060755;-32.9105629;"GARZON";"1515 BIS";"";"Dirección declarada sin informar";"";"";"";"";"";"";"";"";"";"";"";"";"";"";"";"";"";"S/N";"";"";"";"";"";"";"";"";"";""
7846;"FF2_008644";1786;"1";"32";-32.91414364;-60.70498607;"Guaycuru 2711";"";"";"";"";"";"";"";"";"";"";"";"";"";"";"";"";"";"";"";"";"";"";"";"";"";"";"";"";"";"";""
1346618;"FF2_2406065";1786;"20";"16";-60.702909;-32.9112073;"";"";"";"Dirección declarada sin informar";"";"";"";"";"";"";"";"";"";"";"";"";"";"";"";"";"";"";"PSJ 1455 BIS";"";"";"";"";"";"";"";"";""
1347093;"FF2_2406541";1786;"19";"1";-60.7056335;-32.9080844;"OLAVARRIA 1600";"";"";"Dirección declarada sin informar";"";"";"";"";"";"";"";"";"";"";"";"";"";"";"";"";"";"";"";"";"";"";"";"";"";"";"";""
681821;"FF2_590900";1786;"47";"1";-32.90953508;-60.70428135;"Calle 1600";"";"";"";"";"";"";"";"";"";"";"";"";"";"";"";"";"";"";"";"";"";"";"";"";"";"";"";"";"";"";""
1326291;"FF2_2385662";1786;"25";"26";-60.70257073;-32.91245805;"OTHONE";"";"";"Dirección declarada sin informar";"";"";"";"";"";"";"";"";"";"";"";"";"";"";"";"";"";"";"";"";"";"";"";"";"";"";"";""
1315442;"FF2_2374770";1786;"15";"26";-60.7029775;-32.9119258;"MARIANO CABAL BIS";"1389";"";"Dirección declarada sin informar";"";"";"";"";"";"";"";"";"";"";"";"";"";"";"";"";"";"";"";"";"";"";"";"";"";"";"";""
1346647;"FF2_2406094";1786;"47";"22";-60.7035705;-32.910217;"MARIANO CABAL 1365";"";"";"Dirección declarada sin informar";"";"";"";"";"";"";"";"";"";"";"";"";"";"";"";"";"";"";"";"";"";"";"";"";"";"";"";""
1314244;"FF2_2373564";1786;"46";"34";-60.7021712;-32.9110478;"CABAL";"";"";"Dirección declarada sin informar";"";"";"";"";"";"";"";"";"";"";"";"";"";"";"";"";"";"";"";"";"";"";"";"";"";"";"";""
1347416;"FF2_2406864";1786;"19";"43";-60.7038243;-32.9096192;"OLAVARRIA";"1600";"";"Dirección declarada sin informar";"";"";"";"";"";"";"";"";"";"";"";"";"";"";"";"";"";"";"";"";"";"";"";"";"";"";"";""
1357662;"FF2_2417154";1786;"22";"8";-60.7056144;-32.9118652;"SAN CAYETANO";"";"";"Dirección declarada sin informar";"";"";"";"";"";"";"";"";"";"";"";"";"";"";"";"";"";"";"";"";"";"";"";"";"";"";"";""
7863;"FF2_008661";1786;"1";"71";-32.9146769;-60.70515575;"Juan B Justo 2744";"";"";"";"";"";"";"";"";"";"";"";"";"";"";"";"";"";"";"";"";"";"";"";"";"";"";"";"";"";"";""
69119;"FF2_070675";1786;"26";"1";-32.91131492;-60.70298742;"Cabal 1422";"";"";"";"";"";"";"";"";"";"";"";"";"";"";"";"";"";"";"";"";"";"";"";"";"";"";"";"";"";"";""
1344075;"FF2_2403513";1786;"19";"23";-60.7045932;-32.9091487;"OLAVARRIA";"";"";"Dirección declarada sin informar";"";"";"";"";"";"";"";"";"";"";"";"";"";"";"";"";"";"";"";"";"";"";"";"";"";"";"";""
1346449;"FF2_2405896";1786;"12";"53";-60.7053085;-32.9106291;"SAN CAYETANO";"";"";"Dirección declarada sin informar";"";"";"";"";"";"";"";"";"";"";"";"";"";"";"";"";"";"";"";"";"";"";"";"";"";"";"";""
